0.421243,-0.880560,0.463182,0.046739,-0.866798,1.455185,-0.741770,-0.599074,0.420967,-1.445235
-0.402657,-0.421030,-1.458067,1.075661,-1.006419,-0.296645,0.355532,-0.347943,-0.671548,0.205634
0.476460,-1.078554,0.713640,0.724712,-1.197224,0.205343,0.849592,-0.263885,1.470494,-0.724788
-1.873283,-0.948773,-1.160950,-0.640863,-2.102319,-1.156234,-0.658800,-0.400090,-1.886231,-0.485879
0.704672,-1.902412,-0.521955,-0.341686,-1.487191,-0.638428,-0.876796,0.056690,-0.742808,-0.466456
1.078226,0.657074,-1.689350,0.556511,0.942476,1.884456,-0.734220,-1.162997,0.103079,1.993188
1.420190,-1.617711,0.033942,0.619508,-1.357167,0.325937,0.343931,0.409388,-0.153843,-0.231956
-0.230993,-0.175110,-0.709009,0.273778,-0.639618,0.511658,-1.081717,-0.233230,1.087241,-1.957812
-0.202339,1.400477,-0.069078,0.899931,0.813148,0.311633,0.964007,0.424753,-0.578883,2.303248
0.442835,-0.193182,-1.127627,0.004309,0.150392,-1.149219,0.319357,-0.751360,-0.634403,0.821962
1.611493,-0.933809,-0.469191,-0.188657,0.271845,0.551862,0.172420,-1.002407,1.118987,-1.114893
-1.525614,0.502939,-1.229667,0.283599,-0.522582,0.297300,0.333479,-1.169400,-1.366465,1.142106
0.759261,1.593431,0.288859,2.127269,1.040787,0.599317,1.963550,0.565799,2.130220,1.273016
-0.089455,-0.672485,0.105718,-0.137218,-0.312838,-0.959062,0.855073,-1.021151,0.768891,-1.125034
-0.466190,-0.090842,0.884858,1.539321,-1.460749,1.875582,-0.589989,1.563212,0.233168,-0.697245
-0.779257,1.616680,-0.143565,1.369258,0.616913,-0.133790,1.941495,-0.686597,1.714895,0.616249
0.400859,0.199761,-0.397319,-1.473543,1.292397,-1.522169,-0.287259,-0.065904,-0.508960,-0.507177
-1.472944,-0.481707,0.785844,-0.449123,-0.833219,-0.912252,1.192135,-0.273253,0.252516,-0.220474
-1.545372,-1.556459,-1.694934,0.770375,-2.617096,-0.478545,0.975785,-1.726445,0.283915,-0.910965
0.140372,1.377736,-1.024570,1.463040,-0.049852,0.466793,-1.077944,-0.026574,1.299322,-1.116827
-1.157413,0.365374,0.866115,-1.104828,1.126799,-0.098335,0.370655,-1.508028,1.589875,-1.251256
-0.786238,0.161193,-0.311164,-0.557075,-0.551972,0.799661,-1.144763,0.002000,-0.995008,0.149704
0.877664,1.220501,0.719688,1.391620,1.589820,1.172219,1.540301,0.523185,1.022636,1.774036
-0.889775,-0.139558,-0.225333,-1.155640,-0.335269,-1.531230,-0.715685,-1.093416,-0.278625,-1.371267
-1.285420,0.603367,-0.789062,0.737017,-0.119748,0.951207,0.550604,-0.988746,1.066311,0.277052
-0.820187,2.104215,-0.678197,1.933167,0.987087,0.706356,0.971037,-0.512146,2.077766,1.254877
-0.326145,-0.686311,-0.834435,-0.414343,-0.344123,0.173165,0.014850,-1.860749,0.359717,-0.205536
-0.370838,-0.484550,-0.933419,1.192982,-1.096907,0.006593,1.006098,-0.763406,-0.023587,0.958293
-0.879081,0.347143,-1.334724,0.474817,-0.794833,0.967039,-0.561942,-0.741872,0.237870,-0.553148
-0.127270,-3.286932,0.190483,-1.575176,-2.194322,-2.063224,-0.155671,-1.850650,0.071046,-2.962749
0.105443,0.905410,0.981707,1.724547,-0.033938,0.483096,1.472140,0.846799,1.757757,0.532192
2.130392,1.871701,1.747253,1.210375,2.077909,0.288265,-0.233221,2.283568,1.807742,0.671473
1.491191,0.434672,2.296966,-0.433608,1.058471,1.676818,-0.148509,1.730278,1.442416,-0.576303
0.016145,1.741450,0.059729,0.857543,1.380171,0.044729,0.407372,1.266904,0.437190,1.295561
-0.856247,-1.223015,-0.930228,-1.194479,-0.804263,0.029978,-1.041340,-2.045973,0.246389,-2.057055
-0.741867,0.296399,-0.818891,-0.177325,-0.029820,-2.778133,0.029667,0.107057,-1.147700,-0.542136
0.067782,1.332513,-0.354794,0.791034,0.676448,0.105359,0.784226,1.651641,-0.804563,1.401576
-1.155578,-2.466518,0.224703,-2.880533,-0.855745,-2.328349,-0.092927,-2.566432,-0.712925,-1.958262
-1.875521,-1.219743,-1.872989,-0.724481,-1.665535,-0.740635,-0.041920,-1.168586,-2.305793,0.952163
-1.409740,0.946501,-0.565173,0.525548,0.640235,-0.237498,0.548018,0.136013,-1.061027,2.339236
-2.300782,0.264895,-1.335359,0.373948,-1.746561,-0.129745,-1.006343,0.045484,-1.809597,-0.576405
-0.088701,1.649623,-0.336329,1.055077,0.785173,0.217353,0.705988,1.386903,0.523705,0.709117
0.225771,1.339194,0.911595,0.489509,0.409503,1.329545,-1.408344,1.474550,-0.195680,0.116885
1.043864,0.494287,0.155776,0.379617,0.598232,0.542747,0.950490,-0.400201,1.771423,0.355304
-2.257741,1.011630,-1.373963,0.075614,-0.762331,-0.191689,-1.257148,-0.739749,0.006229,-0.629610
-1.475210,2.133403,-0.311813,0.147030,0.535865,0.487909,-0.607946,0.595853,0.031196,-0.679695
1.898065,0.488442,1.563224,0.707667,1.348301,0.393075,-0.180431,1.229043,1.781437,-0.324917
0.938924,0.883878,1.748150,-0.800901,1.845799,0.458567,-1.301402,0.858399,-0.204497,-0.099580
1.382860,-0.701393,-0.338615,0.455759,-0.529583,-0.154733,0.579438,-0.217363,0.704320,-0.519170
0.615572,0.805218,0.583935,1.356248,0.187171,-0.208663,-0.251562,1.841868,0.340513,0.257054
0.465489,-0.402951,0.933813,-0.583342,1.222864,0.250575,1.667426,-1.232353,0.156859,1.295380
-0.964196,-1.302884,-0.544952,-0.268828,-2.343521,0.538556,-0.658517,-0.215362,-0.977662,-0.453030
0.273887,-1.306335,0.704344,-1.082144,-0.512699,0.371354,-0.375953,0.761430,-1.140075,0.529294
-1.861025,-0.294585,-0.344076,0.462391,-1.844853,0.205633,0.153052,-0.758032,-0.577332,-0.899368
-1.337262,-1.292534,-1.520263,-0.817171,-1.752760,-0.839517,-1.480048,-1.880769,-1.114252,-1.476203
-1.700207,1.349308,0.312111,0.188992,0.238814,0.410864,-1.217716,0.371467,-0.173723,0.007786
-0.300599,-0.132946,-0.609079,0.200849,-0.500867,-0.142911,0.130922,-0.289785,-0.635748,0.092126
-0.262294,-0.446004,-1.332207,-0.766760,0.319508,-3.470354,0.054210,-0.798686,-0.476162,-0.894960
-1.402103,0.923516,-1.109626,0.710042,-0.344061,0.138009,-0.355675,0.589546,-1.313219,1.254290
-2.186609,2.549649,0.683577,0.847711,0.702784,0.982554,0.605223,1.738197,-0.371624,2.237153
-1.566270,-0.516940,0.667915,-0.173542,-0.678066,1.253829,0.497035,-0.136034,-0.965303,1.282220
0.262425,0.159890,-0.758480,-0.168351,0.230914,-1.948905,-0.160634,-0.611365,0.429800,-0.429909
-0.807210,-0.512863,-1.060609,-0.390048,-0.185641,-1.132986,0.125498,-1.396624,0.413315,0.088728
-0.743898,-0.025263,-1.671438,-1.293223,0.019096,-1.227850,-0.867309,-1.199505,-2.194421,0.820988
0.051021,0.041676,0.524174,-0.009613,-0.070405,-0.172614,-0.786841,0.114938,-0.264506,0.471103
0.144562,-0.612010,1.076718,0.104145,-0.275473,-0.066661,1.617257,0.091096,1.130216,-0.239258
-0.941878,-0.474099,-0.132374,-0.351046,-0.872797,-0.944015,-0.537942,-0.867662,-0.548629,-1.164805
-1.041400,0.173931,-0.868074,-0.867619,-0.416426,-1.066029,-0.235417,-0.857877,-0.107335,-0.869248
-0.649396,0.595901,-1.969244,0.728758,-0.416871,0.455725,-1.119015,-0.966411,-0.310497,-0.101500
0.739013,-1.796146,0.556822,-2.403130,0.213035,-0.752929,-0.226982,-2.268399,0.740906,-1.193928
0.048185,0.100946,1.056271,0.076659,0.606537,0.861896,0.667916,0.256213,0.221925,0.475053
-0.862946,1.943865,1.068752,0.389837,1.142457,0.117606,0.663833,1.898369,-0.445064,1.700938
1.025803,0.833439,-0.171322,-1.662728,2.328365,-1.946041,-1.166853,-0.652647,-0.028694,-0.846822
0.618884,0.215308,-0.376950,-1.143316,1.047282,-0.539727,-1.031218,-0.924693,1.516161,-2.005439
0.670942,-1.817449,1.296617,0.466400,-2.112922,0.291520,0.398195,1.124244,-0.268197,-1.310033
0.172996,-0.000813,0.802355,-0.097252,-0.234510,1.081031,-0.965744,0.552015,0.995480,-1.160154
1.827417,0.490396,0.585750,1.321879,0.624664,1.143104,0.459812,1.869658,-0.217907,1.325263
-0.713278,0.227709,-0.580345,0.118777,-0.857468,-0.367336,-0.591940,-0.010013,-0.485671,-0.599508
0.425384,-0.717587,2.282008,0.046656,-0.111091,1.201921,0.596881,1.084997,0.348304,0.348927
0.972905,-1.988841,0.340659,-1.823100,0.256918,-1.672618,0.072653,-1.430925,0.287777,-0.250947
-0.267778,0.742335,1.081107,-0.905964,1.102359,-0.873295,0.484891,0.959856,-0.379618,0.075830
2.522169,1.483078,1.873336,0.270487,2.993133,0.580673,2.345744,0.759785,1.798568,1.834751
-1.661606,0.270716,-0.024953,-0.808603,0.080334,0.371496,0.261199,-0.518101,-0.449115,0.773382
1.385359,-0.981664,2.944015,0.178889,0.389653,0.647088,2.920849,0.626823,1.552120,1.734562
0.560815,0.682587,0.415190,2.213390,0.079245,2.234540,-0.214904,0.123354,1.295296,0.527499
0.112878,1.471521,0.991906,1.568412,0.734360,0.486274,0.871359,1.573067,1.305500,0.676927
-0.864151,-0.099300,-1.279623,0.762606,-1.023529,-0.885984,0.558778,-0.125918,-1.116001,0.729673
-1.516375,-0.542946,0.120071,-0.585626,-0.609397,0.935151,-0.269024,-0.921267,-0.617870,-0.445624
2.087395,0.549128,0.667211,0.597143,1.751453,-0.205545,0.864973,1.230178,0.728816,1.374338
-0.385137,0.352561,-1.068598,-0.833894,0.335380,-0.582093,-0.693930,-0.095974,-1.889139,0.644981
1.375481,0.518125,-0.226224,-0.557120,1.612380,0.329576,-0.935099,0.222180,0.136515,0.529391
-0.790840,0.661398,1.426041,-1.264714,1.182676,-1.934028,1.410293,0.293071,-0.076324,0.307910
0.950621,-0.060857,-1.674129,0.216332,0.223586,-0.630573,-0.542152,-0.963832,0.941035,-0.494415
1.067590,-1.447580,-0.040812,-1.383690,0.696178,0.220727,1.319337,-1.583176,-0.214453,0.880202
-0.385324,-0.970971,-1.237777,-2.048411,-0.536929,-0.222894,-1.550089,-1.424644,-1.265744,-1.637149
0.841094,0.243192,1.013954,-0.280920,0.469494,1.431923,-1.388321,1.195359,0.178712,-0.816914
-0.752005,0.691936,-0.833471,-1.056397,0.462005,0.163638,-1.218795,0.189726,-1.133993,-0.047511
1.213915,-1.218960,-0.138990,-1.477260,0.078871,-1.366179,-0.493408,-1.150134,-0.426079,-0.810223
-0.969302,-0.093122,-0.722165,0.673136,-1.235819,0.523624,-0.392789,-0.266267,0.295920,-1.550538
0.055491,-0.697691,1.081736,0.544257,-0.660184,0.177482,0.853531,0.574704,1.193824,-0.804259
0.882941,0.013513,0.394074,0.321280,0.678568,0.334104,0.382987,-0.579173,1.702796,-0.323749
0.953136,0.614298,-1.221967,0.970878,-0.214282,-0.472277,-0.465936,0.593233,-0.608282,0.377163
-0.872949,-0.777372,0.557155,-1.388395,-0.494449,-1.340127,0.030151,-0.220547,-0.223764,-1.204534
2.118655,-0.515164,1.071656,-0.475194,0.788624,0.933275,-0.520238,0.242911,0.171745,-0.006237
3.852915,1.669698,2.096154,1.528529,3.134096,0.253596,0.704158,3.996776,0.772487,2.653320
-0.099404,-0.879479,-0.364745,0.356536,-1.021479,0.077213,1.031864,-0.548234,0.355272,-0.885342
-1.058342,-0.306646,0.286970,-0.756628,-0.032393,-1.607185,0.504063,-1.047285,0.809717,-0.910392
0.733829,-1.625161,0.690689,1.872497,-2.025660,-0.771356,1.698223,1.184654,1.334163,-1.063726
-1.182738,-0.332612,0.308092,-0.940379,-0.547913,-2.031672,-0.377850,-0.137471,-0.941552,-0.819239
-0.226504,1.857367,-1.177865,1.854158,0.672071,0.580777,-0.594173,0.948972,0.988999,0.392371
0.376799,-1.688088,-0.929559,-0.758146,-0.636662,-0.346671,-0.423487,-2.100818,0.324772,-0.475211
0.173927,0.853866,0.170298,1.308717,-0.011708,0.518055,0.827962,0.856092,1.101290,0.174092
-0.604304,1.017716,-1.053095,-0.467251,0.727875,-0.443231,-0.575207,0.493296,-1.004932,-0.329997
-1.070357,-1.308255,-1.200860,0.556342,-2.191396,0.194165,-0.194322,0.052091,-2.254509,0.231948
0.152121,-0.297619,2.365931,0.545695,0.024755,1.825195,0.895101,1.121880,0.825463,0.773047
-0.971784,0.146835,-1.650772,0.428990,-0.324890,-0.601739,0.639193,-1.183897,-0.374026,1.058021
1.074058,-2.217305,1.272539,-1.468337,-0.664472,-0.820767,0.475720,-0.677499,-0.387485,-0.796232
0.478178,-0.411545,0.328199,0.089432,-0.278329,1.660760,0.371151,0.335441,-0.276685,0.804083
-0.223875,0.010903,1.611039,-0.633553,1.065506,0.313413,0.799368,-0.584089,0.751343,0.430780
0.326699,1.568220,-0.152833,-0.371288,1.718578,-0.628364,-0.365508,0.139317,0.289077,-0.306941
1.322613,-0.167200,1.561376,0.630204,0.377516,0.372849,-0.700846,0.824123,0.964917,-0.422130
0.924027,-0.755337,-0.295345,0.202359,-0.007354,0.216983,-0.339079,-0.836323,0.925201,-0.591159
-0.127466,-0.214460,-0.518199,0.316250,-0.370242,2.066191,-1.268426,-1.035100,0.629557,-0.313542
-1.388224,-0.462830,-0.445372,-0.850791,-1.034926,0.445939,-0.434459,-0.505365,-1.834370,0.963122
0.603812,-0.572161,0.059862,1.005602,-0.480818,1.141725,0.781395,-0.967985,1.115305,0.048348
0.114380,-0.774788,-1.239380,-0.338534,-0.567055,-0.598789,-1.062621,-0.925317,-0.697128,-0.168604
-1.944365,-0.885152,-0.980969,-1.024323,-1.350857,-1.061182,0.859697,-1.598125,-1.123446,-0.337190
-1.154151,0.168128,-0.663910,1.368052,-1.177737,1.232128,0.132185,-0.252339,-0.372285,0.393716
-1.131290,1.022490,-0.105119,-1.277931,0.320864,-1.038089,-1.560973,1.184477,-1.440795,-0.407590
-0.213904,-0.598559,-0.061777,-1.287176,-0.344259,0.544564,-0.771112,0.139093,-2.448525,0.073368
0.727627,0.277485,-0.250334,0.627855,0.687291,0.237586,-0.449411,0.364882,-0.392587,1.255350
0.047787,-0.165851,-0.627880,0.797733,-1.184469,-0.084043,0.130997,0.991784,-0.308841,0.149042
-0.000264,-1.459753,0.536736,-2.611425,0.133994,-0.542427,-1.306553,-1.250570,-0.703309,-1.189877
-0.295687,-0.441358,-0.092702,0.975021,-1.559242,0.196969,-0.769821,1.058335,-0.170786,-1.291146
1.060024,0.691597,-1.184289,1.575551,-0.356280,0.953529,-0.654043,-0.199031,0.783171,-0.395549
0.055385,1.694721,0.208977,0.800162,1.106647,1.190106,1.321739,0.880610,0.718042,1.681781
1.157369,-2.635154,0.229687,-0.700493,-1.634331,-0.421239,-1.859673,0.016712,-1.311491,-1.296554
-0.464277,0.724615,1.227908,0.199065,0.631532,0.430239,1.047142,0.800826,-0.207625,0.112920
-1.346190,0.627939,-0.164318,-0.390826,-0.025296,0.454442,0.109950,-0.391147,-0.351859,-0.195454
-0.282621,-1.145765,1.215108,-0.349572,-1.488539,0.706134,-0.279209,0.823360,0.394364,-2.385186
0.409864,-0.250618,0.175479,-1.119163,0.464013,-0.950460,0.374411,0.473673,-0.494338,0.935127
0.655819,-2.061017,0.425545,-0.499409,-0.460071,-0.942941,1.249414,-0.888298,-0.479096,-0.174124
-0.283275,-0.275888,-1.895857,-0.404403,-0.506718,-0.156784,-2.396629,-0.437552,-1.868741,0.221090
1.090278,-1.836281,0.685529,-1.838088,-0.216113,-1.296865,-0.307795,-0.875156,0.360344,-1.091132
0.015102,1.220441,0.255120,0.581371,0.905842,-0.217265,-0.068140,1.062690,-1.080115,1.013802
-1.361466,0.750714,-1.342172,0.073209,-0.612033,-0.340290,-1.374861,0.404012,-1.602947,-0.065763
0.797009,1.415050,2.220054,0.892598,1.356713,0.826357,0.339745,1.668870,1.919261,0.514968
0.829878,0.483262,0.748244,0.841705,0.126229,1.270682,-0.772456,1.427998,0.023266,-0.421823
0.404309,1.209298,1.551884,1.011239,1.118077,0.167667,1.578120,1.388704,0.130530,2.271710
0.444825,0.209448,-1.137269,1.352621,-0.822459,0.855876,-0.196220,0.553597,0.404620,-0.146289
0.255565,-0.397465,-0.697031,0.484292,-0.272958,-0.825028,0.294874,-0.076706,0.149883,0.219124
-2.204195,-1.061823,-0.636928,-1.164756,-1.394517,-1.351542,0.349808,-2.539757,-0.660755,-0.987881
-0.389578,-0.675615,0.254283,-1.288256,0.002011,-0.732369,-0.743569,0.020135,-1.233954,-0.405909
-1.362179,-0.522332,-0.454031,-0.995621,-0.654786,-0.044329,-0.018593,-2.085540,-0.285798,-0.663198
2.534455,0.255848,0.275006,0.325911,1.774599,0.348088,1.942763,-0.093190,1.127484,1.539012
0.052280,-0.176720,-0.482312,-1.820771,0.857770,-0.999181,-1.780274,0.319250,-1.952669,0.053317
-0.367588,-0.572358,-0.545425,-0.370744,-1.603285,0.589840,-0.661503,-1.053299,0.960667,-1.956340
0.108257,-1.764178,0.706225,-0.542707,-0.923979,-0.194376,1.840766,-0.930748,0.167184,-0.112743
-0.270298,-0.732420,-3.028371,-0.700132,-0.374996,-1.386606,-0.896938,-1.563383,-1.741555,0.184220
-1.577906,0.018504,1.344240,-2.011156,0.461631,0.356173,-1.773128,-0.116040,-1.492199,-1.148210
1.542614,-0.129493,-1.287467,-0.130309,0.615899,0.012978,-0.988380,-0.535705,-0.007350,0.497506
0.569423,-0.338837,1.883351,-0.646304,-0.238681,2.859411,-0.908819,1.248607,-0.125511,-0.706063
1.163503,-0.186459,-2.358413,0.753419,0.143256,-1.078671,-0.706798,-0.558010,-0.630600,0.319800
1.013805,-2.312168,0.519954,-0.558992,-1.507797,-0.624824,-0.197830,0.012750,0.033537,-0.980366
0.642226,-0.892034,0.895749,-0.608549,-0.644128,1.079751,-1.311227,0.906787,-0.761979,-0.845635
0.676555,-0.143410,-0.678205,0.519888,-0.503703,-0.466876,-0.257492,0.093121,-0.439249,-0.587884
-1.363740,0.938721,-1.287406,-0.502058,0.108647,-0.420868,-0.406225,-0.881529,-0.453471,0.192987
-0.279065,-0.570899,1.059253,-1.557777,0.691523,-1.350489,0.375206,-0.909021,-0.051389,-0.856811
0.800641,1.281411,-0.565607,0.570213,1.240466,-0.267156,-0.789411,0.397130,-0.285233,0.803966
-0.152632,-0.754110,0.023695,-0.564886,-0.046163,-0.132738,1.133748,-0.438728,-0.290282,0.694964
-0.991674,1.212873,0.413813,0.624638,0.596044,1.147770,0.626493,-0.178114,0.428851,1.186098
1.033816,-0.545822,1.125495,0.235265,0.067408,0.329374,1.006360,0.262559,0.292165,0.467076
-1.775625,1.015073,-0.124445,-0.545148,0.766256,-0.830774,0.453705,-1.081731,0.534715,0.106226
0.855481,-0.506752,-0.193594,-1.525340,0.613316,-1.349114,-0.198657,0.243721,-0.433971,-0.165414
0.620417,-0.498034,1.111031,0.363757,0.076305,1.164777,0.639205,0.083787,1.537820,0.413482
-1.337822,0.345837,-0.109205,-0.479353,-0.059041,-0.191129,0.178063,-1.041375,0.477996,0.186823
-0.071655,0.675501,-1.125577,0.728048,0.164622,-0.119096,0.378292,0.375870,-0.317879,1.784212
-1.870965,0.103196,-0.875093,-1.179633,0.103677,-0.751190,-0.517995,-1.790211,-0.335395,-1.177558
0.041871,-1.846648,0.276748,-0.296592,-1.067895,0.156006,0.905443,-1.739825,0.587093,-0.355966
-0.814059,-0.603902,-1.147220,-0.793817,-0.576339,-1.526625,-1.594848,-0.397420,-0.894257,-0.811926
0.432012,0.480586,-0.039849,0.105336,0.937853,0.652186,0.416687,-0.204297,-0.247189,1.200847
-0.427748,-0.353151,1.176731,-0.747823,-0.154520,0.319511,0.263587,0.573739,-0.875526,-0.192844
-0.087565,0.783932,0.529532,-0.562566,1.422737,0.517506,-0.313413,-0.571725,1.100010,0.031378
-1.554240,-0.081810,0.256440,0.187021,-1.163236,1.120487,-0.227759,-0.929950,0.458936,-1.104317
0.387993,0.794133,-0.209402,1.032807,0.626387,0.749138,1.502315,1.232129,-1.109460,2.187910
0.877876,-0.681191,-0.253510,0.114138,-0.746711,0.512409,-1.036155,0.010718,-0.447594,-0.312181
1.106498,-0.786400,1.717180,-0.334212,0.271316,0.095531,0.452522,0.311091,1.339761,-1.119846
0.932106,0.675478,1.896103,1.327878,0.743994,0.238160,2.656948,1.557863,0.742428,1.766609
-0.159292,0.660537,0.096064,0.827825,0.405076,1.182986,-0.148265,-0.184886,1.682760,0.235197
1.177382,-1.674002,-0.178676,0.162033,-0.569999,-0.550601,-0.161110,-0.286575,0.383984,-0.148689
-1.311556,1.343014,0.224113,1.726618,-0.333803,0.431093,1.685343,0.194834,1.862461,0.185726
0.770029,-0.812125,-1.045808,-0.108917,-0.506171,-1.139551,-0.161440,-0.127128,-1.190997,-0.321599
0.041904,0.749370,0.501513,-0.694544,1.009424,-0.945817,0.818248,0.988711,-0.898941,1.714716
-1.386890,-0.818551,-1.446940,-0.636438,-2.097905,-1.216819,-1.517629,-0.333142,-1.900539,-0.616479
1.790493,-1.602327,2.505173,-1.379791,1.103287,-1.396665,1.833665,-0.015208,0.743784,0.614648
1.067823,0.611353,-0.542840,0.912617,0.150972,1.003213,-0.940766,1.315808,-0.840849,0.758398
-0.564423,0.036241,-1.750146,-0.884806,-0.191476,-0.521163,-0.634182,-1.766588,-1.044323,-0.174174
0.017601,0.462205,-0.353683,-0.171207,0.451388,-1.087512,0.209237,0.198827,-1.327102,1.119964
-1.504895,-0.314115,-2.009645,-0.984082,-0.872508,-0.383876,-1.537529,-0.957219,-2.276023,-0.488080
-0.063577,0.116193,-0.728556,0.917503,-0.799221,0.135774,0.973630,0.431615,0.043731,0.187147
0.424906,-0.215262,0.768493,-0.225556,0.350929,-0.919645,0.856016,0.011167,0.929162,-0.243731
0.712042,0.038503,0.650409,1.733650,0.184669,0.779297,1.354228,1.431622,-0.562881,1.747486
-0.474179,-1.337842,-0.582462,-1.808920,-0.641203,-1.370524,-0.420894,-1.552790,0.391715,-1.904521
-0.521784,-0.923250,-0.307898,1.057063,-0.913719,-0.404160,0.904247,0.473553,-0.861291,0.589168
0.567993,-1.011703,0.013808,0.538628,-0.550268,-0.540780,0.344462,-0.928481,2.050923,-1.743974
-0.308775,0.983648,-1.340329,0.818352,0.890446,0.430612,1.415216,-1.810621,0.552738,1.408674
-0.867622,0.548532,-0.918953,0.867759,0.022856,0.617823,0.821752,-0.335133,-0.144993,-0.025302
-0.133816,0.038400,0.057843,0.695647,-0.397641,0.318914,0.326103,0.792226,0.296954,-0.336428
-0.419024,0.884096,0.936823,0.078727,1.234213,0.421338,0.445127,0.624611,0.348184,0.214246
-0.425683,-0.102482,-0.138532,-0.394904,-0.042855,-0.175705,1.063452,-0.750710,1.063725,-0.081042
1.178578,-1.092787,0.819200,-0.310772,-0.193591,-0.983572,0.063302,0.076730,0.470840,-0.322378
-0.144345,1.633893,-0.381193,0.769028,0.846963,-1.172572,-0.082489,1.732215,-1.455979,1.928623
-0.272686,-0.522958,-0.649649,-0.373816,-0.181286,0.338768,-1.280133,-1.183110,0.254319,-0.173537
0.083644,1.247784,1.823980,0.620613,1.387337,1.030751,0.186275,0.873479,1.509605,0.554751
0.257910,-0.754329,-0.015134,-0.065425,-1.009511,1.402360,-1.151235,0.642048,-0.758954,-0.700391
-1.585861,-1.924467,-0.636549,-1.783691,-1.967659,0.113101,-1.564081,-0.890580,-1.725099,-1.332670
-0.285471,0.370664,-1.120049,-0.666143,0.125764,-1.005045,-1.123782,0.223735,-1.548262,-0.045695
-1.098378,-0.829232,0.856803,-0.989636,-1.471931,-0.204290,-1.613485,0.829028,-1.008799,-1.567021
0.116243,2.046172,-0.762227,0.931984,1.082313,0.055935,0.768969,0.541956,1.046898,0.803680
-0.484075,-1.507069,0.222146,-1.604565,-1.142822,-1.745779,-0.671708,-1.099184,0.851709,-2.553214
0.455961,-0.288411,0.489608,-0.597339,0.471124,-0.877364,0.142330,0.448738,-0.889622,-0.101156
0.222096,-1.099150,0.457936,0.174441,-0.930348,0.194023,0.755137,0.108918,0.190894,0.690526
-0.432694,1.214400,0.713461,0.046968,0.344533,0.702798,-0.288654,0.137004,1.560606,-1.092614
0.154127,1.436688,0.093895,0.018632,1.298885,0.268336,-1.044361,2.315387,-1.375346,1.435022
0.601767,1.274218,-0.428862,-0.392685,2.138167,0.712395,-1.137295,1.003967,-0.527911,2.092585
-0.639153,0.823160,0.044469,-0.280501,0.965075,-1.038356,0.942574,-0.755970,0.207714,0.805463
0.666949,0.550196,0.240515,-0.246091,1.145234,-0.426886,0.018071,-1.006845,0.837613,-0.351491
-2.493982,0.058677,-1.160886,-0.786709,-0.770483,-2.008482,-0.734143,0.083071,-1.831750,-0.661989
-0.216354,-1.316506,0.393977,-1.576239,0.120086,0.091545,-0.664521,-1.390856,-0.444084,-0.967862
1.248614,-0.472194,-0.103312,-0.057308,0.365563,-0.615862,-0.330053,0.335912,0.378696,-0.782770
-0.943971,-1.025489,-0.446676,-1.930420,-0.291427,-2.108524,-0.829904,-0.977964,-1.652173,-0.910282
-0.544178,1.494768,-0.172252,-0.090248,1.076888,1.416526,0.273665,-0.041754,0.753714,0.803158
-1.167227,-1.344684,-1.047666,-0.440276,-1.902668,-0.109778,-0.894288,-1.491967,-0.524986,-1.457136
1.364360,0.630716,0.793578,0.191645,0.825962,-0.362780,-1.526538,2.246700,-0.562917,-0.035075
1.629263,-0.765653,0.119056,1.098846,-0.478471,0.203508,0.880095,-0.150888,0.915778,0.396056
0.926840,2.816358,-0.463222,1.805302,2.201045,-0.285750,-0.049707,2.402943,-0.407121,2.276768
-0.424511,-1.335674,-0.825484,-1.476315,0.338564,-1.116052,-0.353308,-2.157513,-0.497625,-0.765330
-0.265901,0.349375,0.337783,-1.009504,1.056455,0.355469,-0.411806,-0.011062,0.695834,-0.353191
-0.006954,1.390128,-2.369007,0.479171,1.298737,0.856780,0.482154,-1.727740,-0.236372,1.674806
-0.097328,1.581349,-1.044442,1.832721,0.564685,0.709378,0.391139,0.594567,0.091694,1.883495
-0.219901,0.209777,-1.220178,-0.453389,-0.148235,0.018863,-0.417480,-1.173680,0.380647,-0.157315
0.990049,-0.774939,0.260060,-0.468211,0.110707,-0.422549,1.014683,-0.920386,1.213810,-0.149253
0.839070,1.003165,-0.592969,-0.105487,1.129694,0.087782,-0.697021,1.723319,-1.577505,2.377815
1.853583,-0.116537,0.856341,-0.579045,0.902538,0.050764,-0.541631,1.037821,0.263948,-0.373410
1.060394,-1.797262,-0.546700,-1.503739,-0.187003,-1.626763,-0.704705,-0.232615,-1.562879,-0.081457
-0.024447,0.078345,-0.247631,-0.584931,0.723524,-0.594797,-0.377250,-0.770299,0.093996,-0.024410
-1.229359,0.616979,-0.132577,0.371547,-0.386290,0.572748,0.788079,-0.499096,-0.257999,0.482590
-0.260396,1.745230,0.100338,1.338989,0.391216,0.835514,-0.155661,1.437589,-0.314670,0.708737
0.030464,-0.425120,1.106044,0.326289,-0.673277,2.008011,-0.931679,0.751270,0.477248,-0.801854
0.997402,-1.639599,-0.353123,-0.697123,-0.471978,-1.582244,-0.203238,-1.208139,0.400433,-0.626190
-0.482583,-0.078777,-1.342246,0.858904,-0.551059,-0.940150,0.899869,-1.688358,1.078171,-0.828331
-0.503038,0.205800,-1.149702,-0.058771,-0.015349,-0.385427,0.907947,-0.941451,0.536009,-0.049637
-0.935191,0.285510,0.887554,0.333832,0.092753,1.397296,1.447933,-0.616124,1.774884,-0.215833
0.586610,-0.178940,-1.207132,0.195430,-0.278895,1.133044,-0.854044,-0.562848,-0.453089,0.003775
-0.263150,-0.660400,-0.155108,-0.041453,-0.899014,-0.490731,0.572789,-0.005006,-0.109842,-0.151757
0.461938,1.183683,0.523418,1.003884,0.899618,-0.033300,1.512595,0.398772,1.289597,0.916714
0.251243,1.155812,-0.178234,0.697129,0.401044,0.008712,-1.417118,1.952750,-0.940791,0.339835
0.001294,1.364623,0.476171,1.084529,1.169484,-0.096769,0.553182,0.837090,0.463461,1.302148
-0.064588,0.026178,-2.369776,0.496367,-0.566979,-0.261455,-1.648026,-0.441878,-1.227866,0.001005
0.581768,-0.069972,-0.599251,0.805779,0.351078,-0.444664,1.230822,-0.421415,0.395185,1.359116
0.153066,-0.708143,-0.554563,1.633656,-1.555372,-0.116541,0.744324,-0.044810,-0.091252,-0.020706
0.849071,-0.087248,-0.193967,0.721316,-0.559071,0.321399,0.104132,0.463123,0.566496,-0.805841
1.093157,-2.174979,-0.162795,-0.356177,-0.769716,-0.053935,0.145116,-0.682675,-0.035453,-0.838559
-0.078963,-0.508526,-0.736002,0.007444,-1.359801,0.163609,-1.243201,-0.544377,0.610369,-2.676135
0.057564,1.181133,0.825759,1.192181,0.600733,1.966493,-0.079862,0.013328,2.275967,0.075912
-0.552378,-0.826657,0.259785,0.108567,-0.196024,-0.445340,2.436347,-0.755629,-0.256728,1.201661
-0.520131,-0.987858,0.599257,-1.441940,-0.311779,0.067749,-1.633154,0.462085,-1.706450,-0.073390
0.480538,-1.024860,0.441031,-0.818934,-0.430591,-0.126243,-0.231997,-0.594872,0.998171,-1.342068
-1.029939,-1.244625,-0.225633,0.115201,-1.930835,-0.819621,0.571928,-0.805442,0.317560,-1.146845
-0.448462,0.144462,-0.087759,0.124636,0.105689,-0.568196,1.635869,-0.573478,0.414884,0.798274
0.571122,0.814608,0.687262,-0.443841,1.871378,-1.141186,1.280997,0.046665,0.210973,1.321780
-0.994250,-0.948108,-0.493675,-1.966129,0.235213,-1.303950,-0.639346,-2.836053,0.659862,-1.649840
-0.374167,0.707298,0.746176,0.001503,1.364522,-0.902698,1.245427,0.333378,-0.543650,1.897664
1.730620,1.071562,0.609085,0.567911,1.199567,-0.503147,0.114275,1.680371,-0.278950,1.102216
1.568153,-0.418591,-0.419972,1.212785,-0.038084,-0.492593,0.413711,0.200313,0.160238,1.022705
1.378414,0.158130,1.886813,-0.634793,1.213477,-0.386037,1.260840,1.189988,0.360741,0.194437
0.395859,0.293813,1.234675,1.261847,-0.121472,1.424674,1.296159,0.679020,0.927214,-0.002569
-1.108120,0.011579,-0.960323,1.000236,-1.536966,0.012520,-0.286336,0.242381,-0.397158,-0.358574
-1.310583,-0.426814,0.697943,-0.673404,-0.559697,0.180224,0.724209,-1.465184,0.433958,-0.266014
0.471961,1.854452,-0.993746,0.826002,1.262288,2.138565,-0.770096,0.900457,0.550245,0.397188
0.045640,1.496316,1.064005,1.045256,0.736995,0.257825,1.693283,0.846102,1.897056,0.379948
-0.893849,-0.228083,-1.439192,-2.090489,0.344318,-1.037386,-2.103758,-1.123915,-2.911232,-0.059340
0.719024,0.648421,0.680830,0.784698,0.306992,1.547309,-0.738841,0.955071,0.830924,-0.739651
1.105458,0.132131,1.014635,-1.694710,1.713834,0.899250,-0.299274,-0.149066,-0.232093,1.306746
1.425128,-1.060379,-0.666381,-0.647531,-0.082803,-1.400122,-0.217395,0.019885,-0.330493,-0.163840
0.992885,-0.215978,-0.767728,-0.231159,0.109757,0.052830,-1.566918,0.231778,-0.846683,-0.107741
0.054076,0.101552,-0.799916,-0.949537,0.480593,-1.260559,-1.648312,-0.258776,-1.521076,0.558726
1.471220,-0.368391,1.972231,-1.609242,1.772839,0.210551,0.867609,-0.628595,0.186095,0.490716
0.834897,0.998398,0.039719,1.613516,0.652647,3.071003,0.173242,-0.126678,1.440556,0.385267
-0.294621,-0.488253,1.177305,-0.901476,0.105734,-0.745619,0.483726,0.656843,-1.317224,0.829811
-1.165802,-2.097896,0.696064,-2.577343,-1.276318,-2.512785,-1.492697,-1.308939,-0.588188,-2.893828
0.614196,-0.172317,-0.120728,0.188686,-0.082199,1.505252,-0.837450,-0.533624,0.135172,0.065051
-0.560488,-1.013676,0.529028,0.739428,-1.656320,0.888264,0.710206,-1.576937,2.154202,-1.450644
0.079174,0.511274,0.701759,0.502387,-0.321188,0.972504,-0.946381,0.422661,0.495109,-1.460089
-0.135447,1.363328,-0.687499,-0.393662,1.474139,0.777911,-0.202481,-0.142786,-0.103863,1.600802
0.174304,0.077771,-0.360157,0.242701,0.118984,0.700653,-0.059763,-1.279417,1.693736,-0.900592
-1.218517,0.074682,-1.360978,1.026903,-0.938947,0.150361,0.394549,-1.649115,1.233646,-0.341890
1.550688,-1.257294,0.477021,-0.974343,0.399379,-0.647329,1.397113,-1.260776,0.703620,-0.420114
1.065097,0.350329,0.989334,0.900897,0.538259,0.759251,0.973759,1.499169,0.582989,1.064188
-0.812291,0.416071,0.942260,0.337295,0.287877,0.394124,0.712475,0.437281,0.702626,0.242672
0.017464,-0.878769,-0.787027,-1.521282,-0.626061,-1.885588,-1.685149,-0.026530,-1.316011,-0.659086
0.902627,-0.188542,1.508698,-2.022898,1.610032,-0.622524,0.049369,-0.243865,-0.992764,1.475030
-0.380598,-1.130594,-0.009538,-0.095599,-1.810277,-1.070375,-0.167641,0.996843,-1.302353,-0.982711
1.152678,0.539633,0.796897,-0.163370,1.040520,0.680196,0.236720,0.375399,1.535180,-0.529565
-0.278626,-1.271088,-1.223303,-0.519507,-1.590385,-1.358318,-1.697957,-0.640513,-1.361460,-1.768250
1.456337,-0.271488,1.573839,-0.068729,1.093341,0.088681,0.424540,0.541217,0.363974,1.445792
-0.412366,-0.446007,-1.119789,1.183158,-1.747065,-0.199013,-0.760058,1.470695,-1.796660,0.240217
-0.670457,0.246418,-0.265799,-0.564501,0.423118,-1.255984,0.922040,-0.858810,-0.201185,0.390411
1.046846,1.236325,0.965995,0.474906,1.251926,0.780886,1.011005,0.682345,1.221513,0.305335
0.509242,0.952246,0.889567,0.945792,0.628059,-0.300966,1.138930,2.133995,-0.069788,0.652636
0.743398,0.393050,1.071294,-0.450123,1.578186,-0.903350,1.009011,1.072056,-0.466483,1.401583
0.069629,-0.165909,1.371274,-0.294576,0.559150,1.607814,1.040317,0.092550,-0.550629,0.945167
-2.402089,0.040386,-0.684201,-0.181159,-0.638047,0.273822,1.619953,-1.858512,-0.123246,1.011834
0.488007,3.237225,1.699637,2.912253,1.835198,3.238044,0.481905,2.783453,1.413886,2.089649
0.102598,-1.418915,0.403433,-1.116762,-0.694207,0.778682,-1.416636,-1.107619,-0.282400,-0.780103
0.441499,-0.281140,0.894999,-0.559335,0.092619,-0.730303,-0.206079,0.926725,0.369276,-0.203902
-0.801478,-0.290539,-1.474936,-0.279866,-0.492082,-1.058866,-1.969299,0.270529,-2.230481,0.118113
-0.154252,0.887585,2.016831,-0.470848,1.569632,1.057919,1.044505,0.289621,1.196090,0.582115
-0.023848,-1.916572,-0.913086,1.960763,-3.520051,1.195093,0.712230,-0.402482,0.976867,-1.795151
-0.320644,-0.811163,-0.028462,-0.058639,-1.244656,1.827593,-0.725441,-0.805769,0.877978,-1.296957
2.126705,0.824729,1.347710,-1.376849,3.170494,-1.259451,-0.069712,2.509079,-0.913175,2.269273
0.620978,-0.212957,0.073302,0.628400,-0.678998,-0.336604,0.111171,1.050585,0.612469,-0.473658
-1.098411,0.437783,-0.391786,0.361467,-0.010167,0.656731,-0.004505,-0.097617,-0.477053,0.553686
1.469632,1.935315,1.951159,0.712191,2.491994,0.263192,2.034786,1.716777,1.219824,1.152892
-1.591462,0.056622,-0.188768,-0.605170,0.183016,-1.195658,1.701515,-1.271411,-0.163658,1.017530
1.485616,-1.070001,-0.026164,0.266234,-0.350515,-0.868751,0.895117,-0.944695,1.344004,-0.857350
-0.907514,1.903268,-1.178964,0.843207,0.714838,1.168841,-1.035639,1.181809,0.107910,0.259217
0.381787,0.305281,0.909992,-0.060078,0.347920,-0.433132,0.083021,0.518429,0.236826,0.117553
0.813446,0.697447,-1.057104,1.083378,0.420359,0.655548,-0.341414,-0.684848,0.633157,0.061190
0.168412,0.444609,-0.762525,0.221305,0.624680,-0.179772,-0.000751,-0.268509,-0.146540,0.061619
1.356895,0.737461,1.071305,0.425873,1.203152,0.805217,0.497058,0.850148,1.143053,0.172806
-0.509869,1.264036,1.338827,0.206583,1.164448,0.392544,0.522344,0.701122,0.309693,0.648790
-0.609713,-1.349106,-1.694859,-0.122613,-1.777324,0.063757,-1.651241,-0.547722,-0.095841,-1.997066
-0.169320,0.440565,-2.624641,0.183345,-0.566263,1.856091,-3.385884,-0.213733,-0.852299,-0.989182
0.212980,-0.409910,-0.035102,1.157211,-1.205099,0.511147,-0.173241,-0.470213,0.745811,-0.146706
-0.605175,-0.424559,-0.210763,-1.819407,0.216682,-0.456667,0.583382,-0.655652,-1.343801,0.475925
-0.337707,0.482210,0.529689,-0.493088,0.043156,0.443669,-1.075455,1.684991,-1.459530,0.062859
0.219214,-1.056168,1.070947,0.090502,-0.033368,-0.524049,0.936363,-0.956183,1.870145,-0.669219
-0.411253,1.522875,-0.099908,-0.285934,1.396782,0.131029,0.885514,-0.355317,1.982975,-0.212065
-0.565074,-0.357949,1.218538,-0.149431,0.085467,-0.574826,1.540256,-0.467773,0.702216,0.867711
-1.579749,0.743796,-0.954944,-1.342166,0.299254,-1.259971,0.617439,-0.900820,-0.304428,-0.018720
0.815236,1.138901,2.042448,0.006737,1.911544,1.180076,0.432814,1.806544,-0.469931,1.608572
2.874330,0.144260,2.737301,0.359682,1.896468,0.873979,1.146311,1.740244,2.068269,1.103209
-0.208793,-0.167037,-0.129164,0.113312,0.011369,0.442437,0.991217,-0.823039,0.296711,-0.312277
0.416786,-0.583085,0.951734,-0.020551,-0.034261,-1.051297,0.248861,1.369791,-0.147487,0.627890
1.809835,0.039539,1.686917,-0.766766,1.654538,1.444843,-0.828534,0.511359,0.859468,-0.150597
0.091952,0.527165,0.517641,0.494779,0.102929,1.063408,-0.132871,0.455378,1.010409,-0.215680
-0.643747,-2.851980,1.641329,-2.014995,-1.505326,0.239371,0.459616,-2.138432,0.398564,-1.147624
0.826898,0.820338,0.217234,-0.409985,1.695438,-0.806765,-0.282097,0.224121,-0.070783,0.864640
-0.126554,0.160283,0.954049,-0.833655,0.907971,-0.956694,-0.398054,0.035444,-0.040811,0.267745
-1.814586,-0.501392,-0.482171,-0.073471,-1.093403,-0.491430,0.368696,-1.369282,-0.506346,-0.308044
-1.100302,0.153648,0.087853,0.844400,-0.353583,0.649302,2.326116,0.039103,0.447759,0.826035
0.970407,-1.471117,0.275205,-1.750803,-0.469574,-2.511976,-0.230099,0.612678,-0.906493,-1.396657
-0.835506,0.695784,0.396827,1.343396,-0.618999,-0.106744,0.882787,0.798501,0.103957,0.295641
-0.046023,1.966815,-1.326228,2.182094,-0.184124,2.104667,-1.668050,1.054403,0.476296,-0.286013
-1.038972,-0.349779,-1.504068,0.079276,-0.963071,-0.837552,0.917994,-1.203788,0.350335,0.019524
-0.479738,-1.360344,-0.138104,1.095700,-2.128795,0.470994,0.359226,-0.269591,0.547384,-1.039938
-1.230758,0.587253,-0.445250,-0.072419,0.345089,0.523592,0.137108,-0.754949,0.686470,0.227671
0.013753,-1.177398,-1.319910,-1.625182,-0.880133,0.534791,-1.618588,-0.947696,-1.806611,-0.987225
1.445137,-1.894776,-0.227802,2.329948,-1.975438,0.166144,1.388965,-0.970931,2.545874,-1.454855
-1.607366,0.237383,1.301345,-0.560358,-0.106207,-0.578503,0.748093,-0.138054,-0.058412,0.030121
-0.598343,-0.347434,-0.162698,0.496797,-0.583373,-0.979063,2.293915,-0.960557,0.432830,0.433503
0.307863,0.637478,0.320076,1.723228,0.328782,-0.241304,1.470009,1.610397,0.313518,1.306128
-1.749643,1.528345,0.130208,0.003024,0.365086,-0.781516,0.325355,1.005465,-1.426759,0.468294
-0.123803,-0.221038,0.171241,-0.209076,-0.130620,0.047534,-0.058314,-0.731392,0.673475,-0.431222
-0.574092,-0.250756,-1.244140,-1.231919,-0.300401,-1.940611,-0.391600,-1.777733,0.491438,-1.570626
-1.715402,-0.537230,-0.830302,-0.005079,-1.284954,-0.517895,0.400208,-1.373291,0.097758,-0.636841
0.599059,-0.021119,-0.575999,-0.559618,1.078820,-0.353803,-0.466606,0.462479,-1.056812,0.779151
-0.219835,0.281785,1.503206,-0.328014,-0.239735,1.656546,-0.826894,1.769081,-0.290199,0.026704
1.953714,-1.938144,0.886720,-0.791311,-0.034571,0.545183,0.169055,-0.644839,1.492542,-0.619848
1.515617,-1.500495,0.766284,-0.106682,-0.771443,2.385612,-1.717753,0.794100,-0.507973,-0.181661
0.359557,1.510653,0.649711,1.668076,0.426914,2.174003,0.604230,1.591152,0.341540,1.492648
-0.284227,-0.318994,0.402973,-0.063718,-0.087883,0.334360,1.395102,-0.899457,1.507962,-0.416050
-1.101142,-0.760935,0.033647,0.549493,-1.598536,-0.288792,0.489964,-0.394382,0.292650,-0.589239
0.809289,-0.565023,-1.155946,0.926922,-0.803367,0.929472,-0.335528,-0.197994,0.170598,-0.344567
1.271182,-0.636378,-0.339744,0.549725,-0.572300,1.212669,-1.427114,0.480127,-0.251883,-0.133978
0.161215,-0.358332,1.683722,-1.916959,1.136250,-0.340172,0.134250,0.441230,-0.396444,0.033645
0.171906,0.058793,-0.095234,-0.322893,0.390262,-1.043605,-0.047945,-0.026880,-0.256549,-0.036393
0.779198,-0.962036,-1.072018,0.486888,-1.663494,0.541941,-1.223710,0.897705,-1.566508,-0.053028
-0.493025,0.193209,-0.379189,0.420302,-0.428456,0.600681,0.569861,-0.961909,1.134111,-0.779217
-1.291062,-1.999618,-1.360210,-1.150442,-2.213080,-1.605150,-0.729443,-0.915113,-1.584363,-1.130394
0.911018,0.710310,-1.954028,1.187502,-0.029720,-0.855374,-0.210290,0.260240,0.430522,0.310713
-1.342465,1.269507,0.303461,0.970431,-0.528323,0.696209,0.007492,0.831586,-0.685859,0.128121
0.045696,-1.002288,0.239245,0.127442,-1.231263,1.748151,-1.195688,-0.850311,1.119493,-2.078095
1.132429,-2.079456,0.631919,0.047166,-1.017526,0.899146,-1.394339,-0.097764,0.240469,-1.069046
0.112639,-1.375291,-1.126103,-0.038354,-1.260405,1.304453,-0.311045,-0.747479,-1.169024,1.060535
2.872359,0.064762,1.445741,0.506188,1.437658,1.185070,0.505520,1.086173,1.494642,0.535614
1.180455,-1.442146,0.637020,0.651658,-0.636733,-0.882303,1.506382,0.798725,0.484845,-0.669622
1.563720,-0.729939,1.186680,-1.024685,1.416993,-0.315004,0.708605,0.440802,-0.512246,1.436632
1.185145,-1.321912,0.255282,-0.528112,-0.992627,0.505646,-0.861055,-0.100804,-0.066543,-1.486257
-0.436921,-0.310712,-1.098736,-0.299560,-0.262789,0.603952,-0.250525,-1.673149,-0.479610,0.169769
0.005279,-0.095545,0.300228,-0.056556,-0.066194,-0.765678,-0.550263,2.380280,-2.989351,1.221834
0.989576,-0.853455,2.043843,-0.609296,1.216131,-1.776510,3.124620,0.056654,1.045861,1.627494
0.678001,0.176394,-1.827663,0.656447,-0.464073,0.157278,-0.668165,0.525807,-1.074696,1.141626
-0.264159,-0.579108,0.417709,-0.240225,-0.371753,0.009612,-0.048962,-0.149709,-0.057159,-0.743167
-0.067080,1.928459,1.121934,0.505179,1.660700,1.211449,0.178700,0.670730,1.438357,-0.050509
-1.388252,1.213711,-2.041350,-0.303323,0.378084,-0.069512,-0.876031,-0.367611,-1.616548,0.782510
-2.772536,-1.282152,-0.689784,-0.415056,-2.544725,-1.224659,-0.493293,-0.936967,-1.641830,-1.152938
0.781926,-0.106708,-0.846146,0.661527,-0.413474,1.341219,-0.293591,-0.377727,0.355386,0.585121
-1.361775,-0.180037,-0.634157,-1.943974,-0.007598,-0.985109,-1.995386,-1.366717,-0.616735,-1.735446
0.895498,-1.276759,0.700853,-0.798196,-0.066847,-0.318344,1.111943,-0.804733,0.086471,1.264779
-0.167475,2.165563,-2.031751,1.245461,1.179250,-0.086523,0.380335,0.771543,-0.372504,1.629786
-1.284471,-0.012660,-0.156082,0.411606,-1.221581,0.141917,0.491451,0.026850,0.075250,-0.539951
1.279424,-0.533283,0.073896,-0.775283,0.465467,-0.212097,-1.755951,0.624935,-0.570766,-0.550137
-0.156398,0.999682,0.210290,0.186131,0.438736,0.409986,-0.304380,0.819269,-0.211518,0.156478
1.366511,0.017912,-0.303605,0.355601,0.212167,2.164684,-1.484637,0.309983,1.029141,-1.108970
0.994775,-0.308135,0.704720,0.872345,0.201004,0.091300,0.978541,0.983539,0.084349,0.787787
-0.335061,0.562043,-1.943454,1.327989,-1.265760,-0.630730,-0.129169,0.439984,-1.012229,0.350725
0.100145,0.053783,-1.202111,-1.402025,0.976443,-2.399555,-0.728593,-1.343677,-0.378897,0.057378
0.640919,0.182940,-0.794720,1.366202,-0.247349,0.011851,-0.880206,0.909729,-0.902953,-0.232860
0.283934,1.207406,-0.378587,0.755762,0.634583,-0.055655,1.233753,0.249177,-0.049752,1.426537
-0.124997,0.978872,-0.699458,1.090388,0.051712,-0.058280,0.286455,1.347187,-0.012301,0.016030
-0.211775,-0.174562,-0.633174,-0.120329,-0.088894,0.336767,0.353036,-1.770131,0.991299,-0.294808
0.152424,1.968690,-1.491890,-0.154063,1.668673,-0.377251,-1.825301,0.635929,-1.204501,1.169745
-0.013585,1.346831,0.697169,0.614632,1.758576,0.937008,2.392330,-0.398487,1.440239,1.912876
-1.227993,-0.215055,-0.718564,-0.346717,-0.472637,-0.782888,0.292445,-1.196015,-0.601202,0.343801
0.285565,-0.520471,-1.583602,-0.440269,-0.295082,0.313286,-0.381266,-1.361993,-0.852082,1.075106
0.121357,1.191597,2.586424,2.217111,0.476546,2.131382,2.272800,1.980339,2.319597,0.849271
-1.055166,0.668753,-2.103299,0.743383,-0.432871,-1.282458,-0.453572,-0.149250,-1.836010,0.786243
-0.635193,0.926291,1.674691,1.364663,-0.616371,0.828276,0.903718,1.796825,0.746777,-0.518651
0.388041,0.688472,-0.903340,0.054593,0.776518,-0.466593,0.720040,0.093272,-0.535349,0.426788
-1.148180,0.343476,-0.056570,1.351375,-1.225232,1.124526,-1.426021,1.060025,-0.227009,-0.729369
0.636083,-1.213326,1.690799,-0.245907,0.576534,0.248568,3.453730,-1.181594,2.468814,0.499726
-0.766572,-0.547443,1.299065,-0.792208,-0.261012,-0.045364,0.226399,0.006994,0.046300,-0.248788
-0.990488,1.071999,0.567804,-1.004068,1.172116,-0.860537,-0.650577,0.364075,-0.170894,-0.598202
1.222433,-0.439187,-1.839076,-0.628038,1.115430,-1.345329,-0.093479,0.071445,-1.452384,1.309822
-0.498127,-1.962535,0.231984,0.079192,-2.228105,0.743469,0.291725,-0.381345,-0.352682,-1.338445
-1.827590,0.231330,-0.543451,0.062920,-0.925078,0.847805,-0.839548,-0.965883,0.366075,-1.454410
0.916829,-1.177609,1.346746,-2.958439,1.339835,-2.360189,0.240790,-0.913768,1.368863,-1.883263
-0.968507,2.202075,-1.136981,0.992994,0.775410,0.530785,-0.014364,0.040503,-0.051090,1.077273
-0.231831,0.546648,-2.118050,-0.468577,0.415836,-0.076755,-1.404621,-1.442742,-0.401921,-0.984908
0.877757,2.499901,0.902059,1.089486,1.744367,0.565728,-0.554857,2.680399,0.718531,1.352407
-0.678315,-2.337862,0.232632,-2.267065,-0.858799,-0.756723,-0.546237,-2.329030,-0.159859,-1.142972
0.256685,0.732916,1.833310,0.716501,1.662658,-0.955240,1.961567,0.768381,0.825640,1.424648
-0.811044,1.217356,-1.431151,-0.184277,0.522428,0.596360,-0.611465,0.073225,0.379262,0.443581
-0.233783,0.302911,-1.058632,-0.565922,-0.201168,-1.438223,-1.561273,0.459814,-0.996126,-0.842142
0.838336,0.188202,1.102154,-0.145349,0.588998,-0.167927,-0.483697,0.738379,-0.030254,-0.201481
0.843660,0.940107,-1.278490,-0.659007,1.330240,0.028133,-1.141184,-0.360369,-0.504063,0.302775
0.028351,-1.674987,-0.259184,-0.365739,-0.752692,-0.788075,0.857088,-2.350706,1.312700,-0.104465
-1.126303,-1.939265,0.685623,-1.913913,-1.150742,-1.487781,1.106459,-1.944760,0.445288,-1.445137
-0.111771,-1.028016,-0.614900,-2.050266,0.190824,-2.005356,-0.147369,-2.371428,0.085845,-1.171953
0.473164,-2.032512,0.173423,0.127884,-1.584154,-0.507909,1.433847,-1.043721,0.599962,-0.781376
0.265457,0.120845,0.816607,0.226114,0.595583,-0.234710,1.170247,-0.036585,0.661885,0.591294
0.136047,-0.473062,0.239367,-0.462266,-0.280007,-0.401089,0.530145,-0.482209,-0.053474,0.155797
-0.428104,-1.087416,1.179667,-2.329687,0.260500,-0.901901,-0.175353,-0.172244,-1.939113,0.227259
-0.480255,-0.006949,2.023437,-1.518566,1.079082,-0.511147,1.480026,0.041259,0.431708,0.131982
-0.283085,0.468511,0.610595,-0.433740,0.281465,-0.637087,-0.163439,1.406602,-0.870310,0.208852
0.568170,-0.217919,1.042881,0.569624,-0.002309,1.518254,-0.101471,0.975237,0.861638,-0.129223
0.309836,-1.528741,0.121365,-0.695366,-0.373328,1.146227,-0.463063,-1.166954,-0.506666,-0.322325
-2.146235,0.076487,-0.573852,-0.052278,-1.176718,-0.893366,0.029357,-0.475233,-1.234424,-0.488068
-0.893222,-2.208683,0.820678,0.279555,-3.188374,0.895091,0.505723,-0.530693,0.646405,-2.269709
-0.489844,-0.740172,0.657900,0.259789,-1.838436,-0.037010,-1.692623,1.293918,-1.040661,-1.552164
1.656748,-0.387622,0.844869,-0.086433,0.254671,0.073449,-1.253133,1.478044,-0.031675,-0.401248
0.786061,0.500017,-0.930534,0.130618,0.537924,-0.570371,0.081820,0.326285,-0.483866,1.128403
0.131129,1.204400,-0.403453,2.071717,-0.112549,0.132953,0.759582,0.077463,2.121186,0.247308
-0.198984,-0.788445,1.115195,-0.186701,-0.309497,0.957857,1.122015,-0.039596,0.163213,0.934224
0.830541,2.866250,1.246600,1.987671,2.249922,2.329528,1.009988,2.040999,1.510644,2.429086
0.140735,-0.389571,2.101809,0.535113,-0.977755,2.821730,0.291567,0.387796,1.444728,-1.142634
1.371874,0.032283,-0.554630,-0.386752,1.186310,-0.433419,0.022231,0.570440,-0.875079,0.749754
-0.430124,1.030922,-1.573651,-0.513445,0.643616,0.390589,-1.262893,-1.799141,0.635421,-1.222688
-1.870872,-1.639279,-0.643894,-1.981466,-2.363122,-1.775782,-1.451704,-0.995255,-1.509730,-3.044058
0.850877,1.402184,-0.863367,1.366913,0.653336,2.037162,-0.743408,0.477410,0.395382,0.876248
1.109067,0.093930,-0.114656,-0.013806,0.773742,0.580223,-0.058087,-0.166623,0.920644,0.323886
0.890682,1.168909,1.106925,0.541401,1.437139,0.138024,1.247139,1.487295,0.687820,1.652495
-0.640424,-0.291876,0.017593,-1.036881,-0.368043,0.866215,-1.953939,-0.186585,-1.024241,-0.636687
0.083375,-2.319220,0.803555,-0.956819,-2.320717,-0.486726,-1.014301,0.576318,-1.413875,-1.501099
0.694486,0.446536,0.583216,0.939010,0.718099,-0.358053,0.912792,0.804906,0.807756,0.563372
1.062503,-0.442032,1.905788,-0.968352,1.540263,-0.495898,1.116434,0.828792,-0.228885,1.639295
-0.099070,-0.486611,0.585969,-0.395321,0.318618,-0.896621,0.720058,0.316804,-1.166034,0.721914
-1.006967,-0.579942,-0.430499,0.204552,-1.993519,0.711790,0.429329,-0.718602,0.976024,-1.561527
-0.759613,-1.305553,-2.505928,-1.609882,-1.278237,-2.034483,-1.413748,-1.916862,-1.327313,-1.252588
0.864713,0.350178,0.524316,-0.063733,0.798601,0.664033,-1.084132,1.386675,-0.004274,0.360892
0.742633,0.150512,-0.383964,-0.923778,0.973293,-0.642097,0.538677,-0.468704,-0.350945,1.114601
0.219257,0.284518,0.017725,0.635806,0.237268,-0.059660,-0.179272,0.317184,0.453771,-0.292974
-0.308584,-0.281530,1.393209,-0.561076,0.108642,-0.572731,0.933739,0.261840,-0.035821,-0.449563
0.483787,0.971887,0.551007,0.734735,1.313773,-0.933508,2.027278,-0.299154,1.596648,0.339943
-0.139227,0.846485,0.248697,1.328228,-0.301848,0.547930,-0.432605,1.094554,0.707174,-0.556655
0.410323,2.489331,0.060529,0.942801,1.101755,1.156799,-0.475396,2.083916,-0.759745,1.202170
-0.695489,-1.017367,0.046317,-0.761060,-0.888567,-0.875549,-0.380480,-0.601841,-0.077311,-0.890618
1.289420,0.560662,-0.424247,0.220057,1.053919,-0.613606,-0.965645,0.311185,0.730914,-0.285146
0.775642,1.775594,-0.906148,0.791166,1.564413,-0.221529,-1.270497,2.346017,-1.778247,2.088701
-0.146525,0.037629,1.198326,-0.539584,0.693039,-1.595987,3.009320,0.425684,0.592682,1.104295
-0.796239,-0.601019,-0.382051,-0.644183,-0.651862,-1.088636,-1.286526,0.786649,-2.388168,-0.126880
-0.083865,0.614838,0.018110,1.400785,-0.387137,1.688870,0.501017,0.000695,0.647336,0.372946
0.770063,-0.143314,2.172180,0.010698,0.101532,-0.298307,0.825296,2.268813,-0.417972,0.118797
0.036382,1.888603,0.832396,1.558507,0.680227,0.736328,0.938980,1.994458,-0.355587,1.491212
-0.812066,-0.952627,0.011717,-0.050770,-1.567000,1.975312,-0.131758,-0.710109,-0.012886,-0.298266
0.076565,0.084905,0.489005,0.894574,-0.371001,-0.391749,1.659528,0.816885,1.508424,-0.511413
-0.669752,-1.712275,1.256805,-1.866875,-0.708253,-0.017661,-0.238430,-0.876775,0.261381,-1.498450
0.235874,-0.104736,-0.617503,0.783165,0.026672,-1.317326,1.372598,-0.545700,0.809617,0.012423
-1.081562,0.375730,-0.705146,-0.330986,0.619704,-1.144200,1.597982,-1.293028,-0.414839,1.531400
1.574816,-0.171187,-0.654883,-0.412740,0.221154,-0.940502,-0.648833,0.521908,-0.367129,-0.655556
0.121678,-0.393533,-0.560519,-2.133152,1.107491,-3.319611,-0.795145,-0.338522,-1.353258,-0.657168
-1.364277,1.212211,-0.932899,0.373634,-0.062312,-1.374002,-0.657000,0.337598,-0.812773,-0.179555
2.131207,0.136642,1.007734,-0.065910,1.628043,-1.204277,1.455924,-0.286434,1.446850,0.821431
-1.656617,0.046127,-0.719443,-0.102405,-0.796758,-1.215149,-0.811730,0.161498,-1.713680,-0.009517
1.021575,-0.251450,2.139156,-1.258047,2.264570,-1.469662,1.809997,0.401506,0.136805,1.615152
0.007813,-0.088938,1.812983,0.384592,-0.001576,0.308392,0.306932,1.358448,0.008288,0.417028
2.058690,-1.892495,0.756114,-0.138108,0.260391,-0.072989,0.756867,-0.831373,1.167410,0.077200
0.147531,-2.262471,0.063454,-0.980003,-1.016049,0.646391,0.099640,-1.490327,-0.911846,-0.025771
-1.417159,-0.466121,-0.943721,-1.422128,-0.923593,-0.668035,-1.962602,-1.204858,-1.314569,-1.705804
-0.371948,-0.130434,1.172918,-0.898614,0.283542,-0.316050,-1.618751,0.990013,-1.198946,0.031875
1.542540,1.129550,2.984313,1.958875,1.846955,1.292074,2.031648,2.850942,1.060171,2.736537
-0.031131,-0.499407,0.692834,0.544889,-1.151564,0.115141,-0.896306,0.381485,1.535712,-1.865626
0.218896,-0.943883,-0.455839,-0.637913,-0.471133,-0.348001,-0.517791,-0.382660,-0.326220,-0.721895
0.518813,2.328196,0.221608,1.989414,0.764364,1.577300,0.424434,1.845386,0.514173,1.752824
-0.628552,-0.443143,0.132161,-2.219844,0.894682,-1.603764,-0.108847,-2.019251,0.349816,-1.179769
0.189727,0.462473,0.003947,-0.525942,0.504421,0.288750,-0.904264,0.812787,-0.229236,0.487305
1.819045,-1.020696,1.437007,-1.515592,0.772927,-0.084933,0.043789,-1.039529,1.970637,-2.014272
0.032800,1.425540,-1.226482,1.282270,0.542583,-0.318390,0.290493,0.073471,0.143727,0.707161
1.953655,-0.538363,1.062104,1.002350,0.194630,1.554174,-0.155291,0.489422,1.398333,-0.036440
-0.692092,0.340141,0.740182,-0.126688,0.335997,-0.378940,0.631028,-0.140797,0.303216,-0.288084
-0.201044,1.831631,-0.892378,1.172044,0.157308,2.431566,-1.707601,1.083345,0.704176,-0.126170
1.139175,0.032074,-0.905041,0.687663,-0.208328,1.101793,-1.623508,0.040698,0.569739,-0.770655
-1.288407,0.128333,-0.361463,-0.077960,-0.631786,-1.254581,-0.011918,-0.094245,0.477693,-1.584856
-1.896945,0.210008,0.641428,-0.677177,-1.086925,1.722601,-1.663016,0.605226,-1.380996,-0.742586
-0.544058,-0.059070,0.153682,-0.776131,-0.129627,-1.319316,-0.449762,0.304696,0.216872,-0.979537
-0.828405,1.951824,0.187743,1.905151,0.633560,1.118327,0.912799,0.476244,0.496720,1.180818
0.615036,-0.806443,-1.093165,-0.428352,0.072121,-0.655325,0.564642,-1.684433,1.157324,-0.309450
0.609004,-0.547902,1.029412,0.910716,-0.491670,0.778551,0.128469,0.599928,-0.279901,0.192952
-0.519133,0.992140,-0.687159,0.238971,0.235931,0.095157,0.442730,-0.091983,-0.417535,0.380461
-0.244308,-0.251335,0.500840,0.000877,-0.264378,0.824711,-0.307748,0.142744,-1.370844,0.729475
0.209938,-0.743238,1.850482,0.506679,-0.428710,1.378787,0.603416,0.511240,1.644094,-1.798993
0.247453,0.070352,0.138255,0.632083,-0.194020,0.374161,1.420387,0.342234,0.714221,1.879280
1.488913,2.153282,0.999404,2.179318,1.943432,0.796893,1.555593,2.101144,1.291070,2.429707
-0.663806,0.880570,0.548165,1.185661,-0.076839,1.031631,0.735876,0.595267,1.166708,-0.689559
0.008689,-0.735609,-0.617715,-1.609871,0.081152,-2.249057,-1.370139,-0.892914,-1.226509,-0.487160
0.448957,1.538334,2.471985,0.504557,1.747699,1.260756,-0.032845,1.699049,2.253308,-0.720719
-0.721526,0.963242,-3.230069,0.089462,0.076832,-0.656902,-1.489548,-1.237067,-0.070871,-0.345969
-0.790431,0.494695,-0.515784,0.023087,-0.324501,2.102151,-0.805545,-0.141255,0.382000,-0.449929
0.348121,0.652471,-0.475332,0.002343,0.668649,-0.645521,-0.298898,0.744335,-0.414738,-0.569645
0.599219,-0.018381,1.148353,-0.013294,0.546169,-0.563233,1.274072,1.181953,0.296099,0.378352
0.359713,-1.294921,-0.957540,-1.348060,-0.455954,-0.818960,-1.152834,-1.923966,-0.614592,-0.787979
0.256103,-1.939160,0.144116,-0.882991,-1.327047,-0.149383,-0.253096,-1.249235,0.188743,-1.326450
0.156171,1.480629,0.467101,1.224038,0.974876,-0.382001,1.605401,0.457831,1.082560,1.693412
-1.577036,0.198131,0.982806,-0.498557,-0.713788,-0.234392,-0.677230,1.191622,-1.508225,-0.304422
1.094265,-1.244498,1.267538,-0.807271,-0.166413,0.119940,-1.038999,0.480696,-0.650660,0.081332
-1.403994,-1.271671,-0.982002,-2.180825,-0.573975,-1.224479,-0.712214,-1.502457,-1.596381,-0.810963
0.703318,0.421751,1.651132,-0.168825,1.418176,0.418138,1.485258,0.141847,0.805601,0.831078
-1.660951,-0.403087,-0.775152,0.476787,-1.331602,0.512793,0.805658,-1.852998,0.920080,-1.142495
-0.121665,-0.307902,1.362502,0.124981,-0.760277,-0.370492,1.336341,0.451319,0.054453,0.048784
-1.198943,0.853491,-0.653237,1.055787,-0.450155,0.604885,0.508534,0.103749,0.414002,0.488068
0.963127,0.233778,0.248512,0.387837,0.995259,-0.407937,0.068177,0.488020,-0.109389,1.135576
-2.009829,0.574188,0.991129,-0.908215,0.598975,-0.659977,-0.570658,-0.112026,-0.856734,-0.722246
-1.035737,-1.293567,0.098870,-1.780013,-0.764299,-1.355893,-2.078518,-0.574332,-1.341747,-1.368521
-0.358359,-1.295571,0.422990,-1.032281,-0.848149,-1.021135,0.092957,-0.442476,-0.695016,-0.895199
0.332827,0.208988,-0.884820,2.553038,-1.429534,1.378832,-0.141993,0.684475,0.029375,0.204116
0.317059,-0.045773,-1.209903,0.272057,0.323850,-1.074460,0.478365,-0.359236,0.333209,0.194647
-0.070593,0.296759,-0.796372,0.929868,-0.473967,1.528219,-0.831073,0.682293,-0.352547,0.818218
-0.619791,1.909074,0.997040,2.174696,0.516238,1.888099,1.103767,1.063534,1.353137,1.144419
-1.018591,-1.527854,0.423116,-1.024865,-0.549021,-0.888565,0.328569,-1.498831,-0.030824,-0.759462
-1.875230,0.673371,-0.911576,0.101718,-0.100158,-1.609205,1.303520,-0.749162,-0.780268,1.629088
1.333751,-0.016408,-0.953830,-0.547043,0.482153,-0.927556,-0.014072,-0.545799,-0.559599,0.653816
0.328092,0.509362,-1.127390,-0.595351,0.029262,-0.541682,-3.711045,0.498739,-1.086293,-1.775227
0.417071,-0.669978,-1.173569,0.106389,-0.191715,-0.372400,0.469181,-0.217896,-0.324560,0.227699
-0.393098,-0.407989,-0.371158,-1.160718,-0.376083,-0.380901,-0.450604,-1.313783,0.657215,-1.623704
0.983717,-0.659952,-0.630838,0.461020,-0.128384,-0.374213,0.177441,0.116191,-0.965400,1.393137
0.027312,-1.178772,0.361662,-1.464397,0.263357,-0.147356,-0.088173,-0.444545,-0.821176,0.226046
-0.885136,0.188904,-1.071034,0.136150,-0.857913,-0.606020,-0.511454,0.264051,-1.561814,-0.165536
0.642031,-0.013207,-0.391020,1.379320,-1.048843,1.094532,-2.121151,2.400802,-1.380377,0.159374
0.294480,0.806648,-1.424960,-0.078398,0.873194,-0.399708,-0.522263,-0.062476,0.314030,-0.125273
0.659268,0.768807,1.610087,-0.448595,1.375559,-0.853605,0.829250,1.084237,0.175589,-0.022032
0.444143,1.745370,-1.139108,1.903085,0.511616,-0.373995,1.135209,1.008222,0.848760,0.896325
-0.364351,0.449777,0.025694,0.860584,-0.555033,0.603887,-0.429491,0.548784,0.288336,-1.297263
-0.031724,-0.718452,0.498252,-0.218009,-0.988476,-0.102230,-1.210069,0.335186,0.417361,-1.693798
0.055634,1.566358,-0.490321,0.174374,1.109927,0.944389,-0.137718,-0.048521,-0.046308,0.033994
0.813189,-0.910923,-0.229254,0.916371,-0.984105,1.458777,0.145409,-0.577134,0.816008,0.481723
-0.704554,-0.168294,-0.791608,1.816218,-1.600920,0.208125,0.468449,0.022065,-0.526472,0.357160
-2.121257,-2.673348,-0.880522,-2.659749,-2.264725,-1.609966,-0.477643,-2.724364,-1.683878,-1.857559
-1.447045,0.692812,-0.538446,0.971700,-0.885755,1.422873,1.088178,-0.618987,0.099706,0.738530
0.686652,0.653955,-0.478089,-1.601808,2.308216,-1.342369,-1.122590,-0.750000,-0.010783,-0.133125
-1.555543,0.877264,-1.927895,-0.109714,-0.167605,-1.751827,-0.753372,-0.411124,-0.726817,-0.155150
-1.113846,0.219484,1.481812,0.669695,-0.980908,1.336991,-0.122433,1.637513,-0.019031,0.151610
1.627513,0.456001,0.444872,0.430731,1.213046,1.189959,-0.176740,1.546318,-0.439025,1.540590
-0.674560,-1.013574,-0.325348,-0.710900,-0.878021,-0.165324,0.880212,-1.356978,-0.084419,-0.504463
-0.186588,0.342485,-0.021552,1.446672,-0.749588,1.519544,-0.276210,0.170010,0.738785,-0.048983
0.748015,-1.189798,1.047661,0.357074,-0.747449,0.220628,0.995641,-0.233061,0.660446,0.340261
2.015214,-0.582999,-0.372408,1.563653,-0.375923,0.093931,-0.191427,1.302849,-0.796947,0.919275
0.237618,0.593203,0.910173,1.070062,-0.241055,0.962119,0.284112,1.921490,-1.040046,1.448511
0.041967,-0.929195,-1.182893,0.526201,-1.397140,0.633682,-0.357261,-0.208769,-0.835858,-0.889199
0.041754,-0.711473,-1.500979,-2.220955,0.611794,-3.172946,-1.398549,-0.230591,-2.932860,0.966500
-0.787050,1.294454,0.372563,1.053687,0.494726,1.556613,1.864099,0.013264,1.380691,0.260782
-0.878536,-0.712736,-1.144012,0.610340,-2.054651,-0.859657,0.244411,-0.598123,-0.967635,-0.681690
0.960817,0.340567,1.482703,1.116958,0.366846,0.259199,2.078755,0.919778,0.777632,1.226852
-0.722485,-0.999739,-0.574518,0.068591,-1.897107,-0.007765,-1.474860,-0.385478,-0.572118,-2.209209
0.148085,-0.085396,1.671903,0.425047,0.165500,1.280506,1.630010,-0.743568,1.800732,0.042447
1.347285,0.412736,0.504789,0.482868,1.612884,0.511154,1.060033,0.669356,0.352073,2.028223
0.307214,-0.543359,0.861441,-0.255723,0.142113,0.653261,-0.772899,-0.079810,0.237969,-0.025173
-0.617891,0.294750,0.813717,0.168832,-0.348822,0.413469,0.389836,0.166889,0.301091,-0.618739
-0.970137,0.282463,0.383809,0.589444,-0.145978,-0.672582,0.692275,0.002388,0.287911,-0.214508
-0.260173,-0.519630,-1.445721,-1.235174,-0.326174,0.267156,-1.344822,-1.857073,-0.687835,-1.315605
0.519615,-0.363191,0.853894,0.603952,-0.099217,0.754196,1.206085,-0.648171,2.362607,-0.787228
0.930049,-1.066146,-0.779465,-0.475701,-0.259262,-0.128496,-1.094375,-0.131218,-0.071729,-1.292563
-0.600791,0.824932,-0.383079,-0.448277,0.683435,0.093952,-0.270611,-0.555611,-0.139334,0.250511
-0.277633,-0.778850,-1.231044,-0.698732,-1.234339,-0.729570,-0.975231,-0.080004,-1.285014,-1.628317
0.479454,0.145640,0.047954,-0.309141,0.897347,-1.332723,1.096694,0.173587,-0.431599,1.052283
-0.843645,0.531803,-0.185826,-0.106284,-0.199963,-0.569850,0.584151,-0.602574,1.293667,-0.876468
-0.704474,-0.025881,-0.289242,-1.071783,-0.013740,-1.363363,-0.392937,0.545840,-1.684972,0.507137
0.331816,-0.195832,-1.137110,0.729907,-1.016066,-0.936173,-0.906614,1.144383,-1.112218,0.183750
-0.392664,0.244366,0.954069,0.350268,0.092655,-0.364558,1.529024,0.027870,1.059019,0.236784
-0.547744,-0.934945,0.934279,-1.664950,-0.439875,-0.112639,-0.802217,-0.403839,-0.974214,-1.098556
0.892830,0.082904,0.257280,0.574885,-0.121503,0.962982,-0.395642,0.597288,-0.007137,0.759291
0.367525,-1.220039,-1.711056,-0.006949,-0.313174,-1.355151,0.988776,-2.158165,0.395088,-0.288652
0.136813,-0.401599,0.146682,0.814345,-0.766176,0.402398,0.468688,-0.017479,1.032447,-0.415154
-1.622387,1.293361,-0.985977,-0.179230,0.059821,-0.439838,-1.997895,0.480203,-1.836962,-0.245850
0.338572,1.027199,0.256779,0.726156,0.846936,-1.134624,1.270949,0.615064,0.327469,0.272050
0.837513,-0.129863,1.612259,-0.928543,1.303852,-0.561170,0.100589,1.116877,-0.006593,0.584667
-0.432232,1.278530,-0.506510,-0.017344,1.271250,0.704691,-0.496158,-1.158382,0.560575,-0.094714
0.512382,1.153733,0.306864,1.877551,0.282787,-0.001393,-0.401119,1.631199,0.229029,0.468656
-0.017143,-0.006787,0.000416,0.476264,-0.208910,0.479446,0.517058,-0.220794,0.972663,-0.126458
0.563969,0.084787,-0.391392,-0.958039,0.913600,-0.642514,-1.625866,1.261380,-2.394965,0.612724
-0.011362,-0.527236,-0.014725,-0.890338,0.215674,-0.548342,-0.897149,-0.710727,-0.264890,-1.006684
1.211870,1.206108,-1.138318,0.372869,1.070360,0.654053,-1.213434,0.161678,0.799590,0.159241
0.080441,0.956064,0.675568,0.000814,1.201920,0.019901,0.742568,1.115879,-0.725131,1.229806
-0.137019,0.058326,0.913443,-0.187660,-0.050441,-0.839084,1.064786,0.795788,-0.667160,-0.166154
-1.677186,-0.282355,-0.649190,1.077192,-1.991496,0.186362,0.022103,-0.697451,-0.692792,-0.449846
-0.427861,1.812918,-0.508117,1.060400,0.898015,-0.106102,1.917375,0.494065,-0.038834,1.940827
-0.375926,-0.256659,1.090699,-1.496425,0.342357,-1.055077,-1.188491,0.371415,-1.930478,0.005326
-1.029694,0.888224,0.120316,1.147639,-0.631386,0.270753,0.040064,0.047845,2.009759,-1.493744
2.761251,0.003187,2.274674,1.014926,1.256514,0.896876,1.223612,1.448561,2.088630,0.448667
-0.148330,-0.826279,-2.248002,0.366550,-0.862952,0.260023,0.466671,-1.527919,-0.367240,0.000365
1.683405,-0.407244,-0.764230,0.458306,0.019162,-0.069067,-0.369030,0.790037,-0.390183,0.804173
0.959287,-3.513634,0.559734,-2.569613,-1.419123,-0.546578,-1.002687,-0.901997,-1.600741,-1.434476
1.406619,0.152067,2.571230,-0.552278,1.807568,-0.532418,1.782298,0.679380,1.430232,0.301479
-0.844376,0.498583,-0.418819,0.530750,-0.554639,-0.062328,0.359822,-0.043666,0.630756,-1.050195
0.554516,0.478444,0.189427,-0.499004,1.111340,-0.276451,-0.658316,0.379507,-1.302101,0.446720
2.091439,-1.048573,0.598702,0.129610,0.978290,0.488492,1.608295,-0.995149,1.218186,1.260134
-0.861898,-1.425971,0.509138,-1.553179,-0.791402,1.033028,-1.763024,-2.062264,0.937877,-2.273104
-0.387875,-0.314383,0.487444,-0.075174,-0.492784,0.640741,-0.206688,-0.060227,0.220417,-0.697624
-0.695885,0.465307,0.038378,1.381970,-0.519857,2.283347,0.342307,-1.080948,2.125872,-0.639909
-1.280252,1.016435,0.647530,0.467336,0.224511,0.109092,1.028454,0.144056,0.346414,0.005934
0.794835,0.161983,1.295114,1.235593,0.212858,2.094312,1.121893,0.411838,1.022592,1.036325
2.120191,-0.490055,1.955469,-0.283848,1.050715,1.300910,-0.726006,1.050699,0.865479,0.172353
2.175999,-0.278750,0.241156,0.939797,-0.003420,0.386046,0.420130,0.190085,1.428417,-0.137063
1.708504,0.007834,0.964178,1.333322,0.526086,1.265475,1.472027,0.288974,1.695356,1.165037
0.858903,0.002565,-0.644785,2.110299,-1.469950,0.925770,-0.631569,1.210980,0.169947,0.147938
0.614901,0.303038,-0.933274,-0.960604,0.598256,1.034281,-2.897536,-0.191858,-0.930560,-0.355760
0.175690,1.028020,1.798666,-0.289511,1.607265,0.065030,1.220605,0.899053,0.569162,1.277912
-0.904238,0.557409,-1.076602,1.026373,-0.708431,-0.259219,0.901977,0.756996,-1.491319,1.572439
0.743262,0.623231,-0.023404,-0.007182,0.623495,-0.749274,-0.322062,0.165696,0.600628,-0.540337
-1.324137,0.000500,-1.048392,0.624155,-2.054679,1.137189,-1.417786,0.262594,-1.630143,-0.097808
-2.005784,-1.701560,-0.583373,-1.205554,-2.127901,-1.366991,-0.344430,-0.934296,-1.959415,-0.951123
-0.794572,-0.425866,0.223360,-1.533230,0.484849,-0.522481,0.217926,-1.414091,-0.025815,-0.057568
-0.069867,0.035840,0.557365,1.280060,-0.615823,2.130356,0.233568,0.521683,-0.076716,1.201032
0.130553,0.442457,1.551150,-0.429659,0.727326,0.057646,0.429380,1.123003,-1.331032,1.097898
-1.443798,-0.318799,0.228734,0.228392,-0.988320,1.310595,-1.103356,0.092037,-0.068216,-1.151574
-0.401715,-0.747393,-0.199568,-0.773764,-0.313656,-0.890974,-0.408238,-0.860635,-0.699872,-0.497566
-0.285037,1.046100,-0.905314,1.394785,-0.254369,1.363888,-0.696599,0.754085,0.003306,1.339690
0.580987,0.124041,0.795624,0.227036,1.176407,-1.055564,1.205065,0.445339,1.456339,-0.174863
0.970461,0.214006,0.476292,-0.253844,1.028623,-0.841779,0.150097,-0.522975,1.162733,-0.312686
1.484768,0.036302,0.413508,-0.096745,1.263208,-1.323735,1.496023,0.615457,-0.122439,1.742249
2.193490,0.382804,0.632653,1.437520,1.044145,1.022077,1.501894,0.592067,0.846659,1.491284
1.080417,1.104258,0.241268,1.182674,1.252233,0.200314,0.673343,1.477336,0.776787,0.691626
-0.208303,0.984650,0.249985,0.109789,0.099016,0.658172,-1.115025,1.382651,-0.701129,-0.224325
0.694608,0.609003,0.386284,-0.952279,1.225288,1.002990,-0.708181,0.199989,-0.040254,0.788892
1.389650,0.689116,-0.178090,0.610977,1.088686,-0.141601,-0.804388,1.483132,0.279903,-0.136886
0.713250,0.542454,0.246600,-0.852990,1.329638,-1.325984,0.075629,-0.199822,0.357945,-0.142156
0.041964,-0.873087,-0.503613,-1.458749,0.114698,-0.893646,-0.985102,-1.055171,0.440687,-0.980630
1.578887,1.133075,0.420279,-0.483647,3.138869,0.905626,1.980499,-0.810000,1.694960,2.351973
0.591781,-1.097593,-0.110288,-0.673155,-0.695388,0.601685,-0.363224,-1.119671,0.466708,-0.824179
-0.517917,-1.013144,-1.716782,-1.267515,-0.555694,-2.976671,0.665295,-0.414866,-2.305176,1.508344
-0.329425,-0.528090,-0.229231,-1.021069,-0.028029,-0.098983,0.194542,-1.257533,0.629560,-0.274615
0.831191,0.190232,-0.629354,0.262434,-0.031556,-1.305987,-0.283938,1.383232,-1.249495,0.534416
-0.274734,-2.834108,-0.539634,-1.586845,-1.693002,-2.098066,-0.426010,-1.710329,-0.803764,-1.503712
0.314087,-1.546679,0.258965,0.012461,-1.844991,0.136847,-1.014622,1.154076,-0.882071,-1.316458
0.555482,-1.256147,0.138251,0.295194,-1.256340,-1.174569,-0.430462,0.128456,0.755521,-1.896871
-0.580887,0.166378,-0.004793,0.349322,-0.800988,-0.566306,0.228473,0.586038,0.048503,-0.328959
-0.380032,-1.051720,-0.804385,-0.686892,-0.387345,-1.581937,1.104054,-0.920057,-0.323332,0.556819
-0.830525,0.626907,1.334552,-0.591773,0.423970,-0.384791,-0.114923,0.633233,0.557205,-1.104752
-0.006060,2.069977,-0.048981,1.120404,1.356805,-0.162848,0.776316,1.510119,0.213591,0.936938
0.142451,0.002777,-0.331707,0.435991,0.096953,-0.051158,0.972842,-0.796600,0.460581,1.235267
-0.289851,-0.273391,0.252487,0.676721,-0.841259,0.937857,0.439843,-0.406627,0.921149,-0.382214
-0.215653,0.876370,-1.714008,0.515992,0.438885,0.619310,-1.275966,-0.176172,-1.291333,1.532918
0.197397,-0.436194,0.769078,1.293182,-0.705689,1.402865,-0.227774,1.043785,1.370195,-0.411185
-0.160486,0.261389,-0.918237,-0.198582,-0.405202,-0.813865,-0.747030,-0.841011,0.256416,-1.573925
0.066222,-0.039542,-0.285233,0.091526,0.392926,-0.227843,1.160170,-0.982386,0.125289,0.820661
-0.695715,1.792397,0.347056,0.215123,1.130665,-0.821069,-0.398286,1.727609,-0.316465,0.106882
2.568059,-0.777829,0.501607,-0.112401,1.651128,-0.389376,1.341112,-0.449492,0.868430,1.306635
0.852035,0.474716,-0.645590,1.520906,-0.583588,0.843410,-2.152185,1.463102,0.752769,-1.308032
0.444814,0.515497,0.451781,1.367315,-0.092914,1.110647,1.203603,0.408162,1.586596,0.055946
0.786103,1.175661,1.196822,-0.028037,2.275984,-1.413374,1.862769,-0.560424,2.478327,0.866712
2.147762,-0.836061,1.438509,1.605984,-0.239990,1.576126,0.917761,0.973835,0.979236,0.341443
-2.185631,0.233570,-1.383183,1.482145,-1.659275,-0.370521,1.068811,-0.795247,-0.238810,0.323980
-1.170482,1.883955,-0.965871,2.700055,-0.596943,1.599587,0.222825,0.194026,0.856258,0.025156
0.400657,0.461705,1.513682,1.273639,0.122059,1.376516,0.048482,1.590962,1.011313,-0.940724
-0.179351,-1.062562,0.044723,-1.019582,-0.326716,-1.042569,-0.035818,-0.182663,-1.063724,-0.895210
0.198151,0.511304,1.464994,0.943159,0.729900,1.461226,0.691939,0.225406,1.553544,-0.201627
-0.821602,-0.534674,0.012901,-0.375227,-0.922120,-0.528739,-0.105053,-0.780939,0.716697,-0.784172
-1.941754,0.286288,-0.914220,-0.373062,-0.823101,0.446479,-0.156028,-1.707444,0.437176,-0.973788
0.098523,0.573374,0.863304,-0.551176,1.292190,0.042415,0.554601,-0.192117,0.452155,1.637125
0.359270,0.740347,-0.628915,1.242488,0.140090,0.765688,-0.063882,1.328063,-0.657239,1.076987
0.212366,-0.184946,0.163536,-0.934527,0.528410,-1.299698,-1.149506,-0.570558,-0.448099,-1.267705
1.086497,-1.616816,1.299478,-1.535573,0.556245,-0.781200,1.021844,-0.804024,0.146004,-0.003677
-0.303185,0.988715,-0.590224,1.036858,-0.056093,0.186587,-0.497742,0.915409,-0.241925,-0.121518
-1.047757,-0.530371,-0.900840,-0.178570,-0.758713,-0.643153,0.858785,-1.805577,0.603257,-0.910117
0.556820,0.221497,1.062548,-0.531762,1.272145,0.828387,1.164377,0.130301,0.830114,0.857187
0.566705,0.643140,0.380040,0.585529,1.231954,0.226881,2.501099,-0.269616,0.531722,1.805084
-1.055387,-1.542004,-0.620995,-0.950861,-1.487375,-1.012186,-0.427617,-2.179036,0.271776,-2.601758
-1.674828,-1.031148,-0.191254,-1.263658,-1.486651,-0.223682,-1.702639,-0.338280,-1.566045,-1.691939
-0.316864,0.571797,-0.302019,1.238318,-1.177143,0.465879,-1.164417,1.040087,-0.108332,-0.764337
0.615742,0.088439,-3.209840,0.257199,-0.076250,0.248290,-1.352762,-1.377503,-0.029457,-0.931526
0.350094,0.964574,0.061764,0.681793,0.392195,0.636109,0.248911,0.012409,2.069334,-0.860214
-0.444241,2.078367,-0.048708,0.479713,1.550277,0.203958,0.301556,0.396600,0.396331,1.152531
-0.037525,-0.509602,1.037883,-1.418105,-0.140709,0.559266,-0.862241,-0.470621,0.019904,-1.016214
-0.165771,-0.878367,0.676061,0.619159,-0.683899,0.160045,2.086089,-0.653098,0.744893,0.340758
1.557199,1.240397,-0.407227,2.822985,0.443824,0.759342,0.312728,1.030077,2.972172,-0.330185
0.852947,-1.887102,-0.097546,-1.307606,-0.609054,-0.590232,-1.172779,-0.385335,0.182691,-2.028895
-0.055833,-0.363984,-0.180247,-1.800961,0.439990,0.064653,-1.005287,-0.830196,-0.781312,-0.009783
1.037990,0.521057,-0.756607,0.401463,1.010334,-0.878141,-0.004824,-0.181353,-0.834647,1.275445
-0.634631,0.024692,-0.782493,-0.073387,-0.812561,-0.540126,-1.038429,0.078680,0.451537,-1.440098
1.348165,-0.703674,-1.226397,0.516562,-0.873964,-0.545349,-1.191373,0.534858,-1.610719,0.083788
-0.022995,0.929201,-0.599419,1.285834,0.331631,0.186645,0.411109,-0.822417,1.629933,0.036686
1.183133,-0.437731,0.824394,-0.783932,0.808008,-2.189194,1.339276,-0.282028,0.931308,-0.872929
-0.743506,-0.434279,-0.107289,-0.453147,-0.098516,-1.210810,0.612788,-0.828691,0.532803,-0.720549
0.226218,0.197969,1.281222,0.824763,-0.271335,0.289703,1.554283,0.822081,0.013755,1.008554
1.711512,0.503606,0.899017,-0.717769,1.694825,0.376695,0.817781,0.890765,0.592325,0.747250
0.203534,-0.061787,-0.099464,-0.645798,0.384787,0.068448,-0.311881,-0.724299,0.085756,0.421433
0.504926,-0.045136,-1.508538,-0.079774,-0.266225,-0.797578,0.035894,-1.308945,0.431465,-1.245975
1.291502,0.245388,-0.230282,0.522148,0.465217,-0.130883,-0.785083,0.375506,0.967242,-0.256913
-0.599044,-0.864380,0.731565,-1.012224,-0.745782,-0.021755,-1.447089,0.720325,-1.852983,-0.186322
-1.208871,-0.699854,-1.554106,0.008508,-1.483152,-0.143615,-0.316928,-1.014553,-0.453489,-1.072209
-1.243585,-0.919480,-0.036613,-0.681497,-0.859242,-0.394247,-0.340586,-0.382098,-0.979656,-0.789790
-0.825456,-0.257250,-0.838087,0.591035,-1.279004,0.251113,-0.549289,0.519684,-1.359738,-0.176111
0.223233,-0.807830,0.546798,-0.655020,0.036009,-0.245256,0.820336,-0.701828,0.298342,0.010922
-0.037064,0.315569,-1.190547,0.268110,-0.026572,-1.415617,-0.630011,0.583805,-1.437932,0.532145
0.822305,0.235732,0.584992,0.481191,0.197210,0.238899,0.009368,1.273832,-0.767897,1.250555
-0.409772,1.525689,-1.439759,-0.210892,0.329386,0.560942,-1.762525,0.845341,-2.028949,0.008327
1.683105,-0.022887,-0.267541,-0.129007,0.948825,-0.584685,-0.957741,0.973010,-0.702666,1.017956
0.321815,-0.678864,-0.375188,-0.007700,-0.487536,-0.083552,-0.127139,-1.288530,1.085332,-1.025461
-0.875837,-0.302835,-0.990997,1.296980,-2.302494,0.875623,-0.542564,-0.396454,0.069957,-1.306763
0.403759,1.205044,0.649464,1.727240,0.544942,-0.334435,0.471511,1.171441,0.323416,0.707098
0.962624,1.076336,-0.192176,-0.812936,1.877450,-0.256008,-1.771976,0.907555,-0.902062,0.413611
-0.270745,-1.553850,-0.554890,-1.469979,-1.074884,-0.992458,-1.557886,-1.900019,-0.196641,-2.165229
0.944546,-1.214939,0.911598,-0.382632,0.782762,-0.694509,2.352125,-1.161996,1.518736,0.967790
-1.837171,-0.304107,-0.300841,-3.634412,0.689660,-2.347211,-1.221009,-1.401163,-1.353945,-0.777604
0.325544,-0.201169,0.065644,0.493026,-0.261760,-0.301924,0.062621,0.167335,0.229194,0.129739
1.946832,-0.841286,1.110669,-0.032011,0.404361,-0.553453,0.637158,0.367747,1.315619,-0.445468
-0.842334,-0.504678,-0.856322,-0.348734,-1.002856,-0.126598,-0.922277,-0.363151,-0.437269,-1.771309
0.213270,0.673585,-0.806117,-0.028378,0.727973,0.074710,0.577584,-0.725959,0.090219,0.279664
-0.897224,-0.176149,0.895579,-1.206790,-0.132832,0.800638,-0.756529,0.321267,-0.644356,-0.609757
1.241390,0.301565,-1.873483,-2.063552,1.929904,-0.571196,-0.984137,-0.464906,-1.964413,1.382077
0.035242,0.100523,0.720050,0.187731,0.239587,1.441723,0.530580,0.101089,0.084295,0.505190
1.172365,0.298685,0.042923,1.005577,0.574689,0.719487,-0.216286,0.729254,0.690756,0.764392
-1.745505,-0.986832,-0.514665,-0.270231,-2.104650,-0.047504,-1.887798,-1.263930,0.368249,-3.303033
0.308068,1.056233,3.680450,-0.739266,2.622973,-0.644381,2.485670,0.894350,2.098732,0.956297
0.620214,-0.650352,0.616197,-1.447890,0.883946,-1.249492,-0.298525,-0.652644,0.304659,-0.657806
-1.442512,0.129254,-0.447903,0.993005,-1.265527,0.015562,0.480919,-0.624589,0.097520,0.213978
-0.367054,-0.027815,-0.823342,-1.555325,0.693770,-2.474085,-1.987813,0.426891,-2.053418,-0.469882
1.166669,-0.194237,1.038125,-0.876699,0.811353,-0.486865,0.776511,1.485229,-1.413573,2.189263
-0.115674,-0.274063,-0.532404,0.978821,-0.819699,0.244673,1.165118,-0.993224,1.089740,0.250882
-0.773676,0.279919,-0.641910,0.618664,-0.354243,0.201993,0.761517,-0.875676,1.174989,-0.198744
-1.654038,-0.458802,-0.351101,-0.602905,-1.150697,0.673711,-0.572305,-0.321600,-0.537934,-0.253548
-0.292701,1.195317,0.001708,0.036761,1.087588,-0.201741,0.678479,0.416142,-0.250172,1.698312
-0.354111,-0.413346,0.329615,-0.928907,-0.072520,0.846386,-1.212878,0.364700,-0.808430,-0.682288
-1.200381,-1.907845,2.066012,-1.798802,-1.046857,-1.919606,1.902053,-0.770469,-0.103312,-1.129191
2.184642,-0.893658,0.504884,-0.604619,0.809021,-0.862607,-0.442792,-0.444697,2.236192,-1.239907
-2.323071,-0.227020,0.232289,-0.623137,-1.011699,1.053813,-0.757555,-0.883452,0.428468,-0.797678
-1.966096,-2.505649,-0.574933,-1.778997,-2.840750,-1.314768,-1.212111,-2.527567,-0.483136,-2.689173
-1.075647,-0.025174,-0.927706,0.265315,-0.479389,-0.855599,0.387195,-1.246464,-1.017710,0.548171
1.282646,-0.051952,0.276288,0.260660,0.150857,0.239731,-0.867411,0.491404,0.720229,-0.222218
-1.270191,1.533283,-0.192793,-0.104298,1.104020,-0.723847,-0.073249,-0.920890,0.538431,-0.042425
0.510018,-0.403615,0.787552,-1.760630,0.864372,-1.210660,-0.219812,-0.273174,0.211025,-0.996645
1.239951,-1.940668,0.734638,-0.820857,-1.227574,0.073686,-0.496971,0.154417,0.083437,-0.981591
1.334435,0.655665,-1.223694,1.331828,0.196460,0.880880,-0.675836,1.831589,-0.618567,1.446995
-2.497845,0.586979,0.926369,-0.267292,-1.169116,-0.544694,-0.392116,0.342931,0.225652,-1.828927
-1.288609,0.202551,-1.067614,-1.230376,-0.142509,-0.872846,-1.372472,-0.072392,-1.619424,-0.268539
-0.713542,-0.547471,-0.550714,0.162827,-1.364810,-0.760203,-0.316504,0.207647,-0.556456,-0.058034
1.110544,-0.039685,1.116888,0.441297,0.515889,-0.215173,0.846701,1.461879,-0.004235,1.369923
0.615317,0.589871,-0.133250,0.343434,0.914665,0.329114,-0.014297,0.641333,0.060084,0.924921
-0.762352,-0.789090,-0.868092,-1.523734,-0.546512,-0.319094,-1.780107,-1.313256,-0.698621,-1.260544
0.597582,-0.277569,1.806586,0.770147,-0.138523,0.170060,1.089128,0.198563,2.072155,-0.148529
0.222044,-1.131999,0.546926,-1.909711,-0.242236,-0.455108,-1.383824,0.904435,-1.554386,-1.475652
-1.003902,-0.477760,1.031289,-0.321014,-0.694042,1.580150,-0.121581,0.138411,-0.370223,-0.190747
-0.218294,-1.834657,-1.231466,-1.229691,-1.391829,-0.660485,-1.335597,-1.387764,-1.858147,-0.976960
-0.453975,-0.050422,0.098750,0.751710,-0.562265,0.444626,0.585701,-0.900024,0.987854,0.079416
0.136511,-1.259185,1.544917,0.037243,-0.488773,0.611047,1.546739,-1.511701,1.836815,-0.493986
0.246913,1.070999,-1.692173,0.504081,0.788520,0.816093,-0.079804,-0.550364,-0.074243,1.360491
-2.507033,-0.175374,-1.177918,-0.318426,-1.832706,-1.599474,-0.901846,-0.582472,-0.821468,-2.088354
-0.147756,-1.689910,1.682054,-1.295634,-0.695320,0.078994,-0.519846,-0.546066,0.670411,-2.076876
-0.968503,-0.385938,-0.668771,-0.279365,-0.661946,-0.011094,-0.163561,-0.565422,0.040368,-1.100217
-1.473061,-0.644040,-1.618909,1.315469,-2.648577,-0.366630,0.095941,-0.131923,-0.535288,-0.903327
-1.031748,2.007199,-0.339268,1.538423,0.294985,1.576746,-0.437114,1.069740,-0.664828,0.858698
1.199026,-1.077240,0.607484,-1.118812,0.782792,-0.924006,0.069404,0.101410,-1.083286,0.545319
0.795990,2.063019,-0.348889,-0.351476,2.399025,-0.373817,0.394701,0.296106,0.199343,1.440395
1.113799,-1.112115,-0.188151,-1.380404,0.066249,-1.343954,-1.038269,0.648966,-1.503364,0.051862
-0.603279,-0.461209,0.084030,-0.589471,-0.843679,0.701010,-1.759337,0.344908,-1.230919,-0.666694
0.744984,0.638914,-0.466633,0.792668,0.243323,0.466034,-0.148156,-0.166510,0.744454,0.308259
0.046296,0.267633,-1.401394,0.792289,-0.827857,1.030672,-0.740850,-0.338697,-0.115551,-0.484539
-0.215104,-0.776892,0.119231,-1.582735,0.787693,-1.986254,0.283471,-0.987092,-0.428387,0.323758
-1.302043,-1.918083,-0.875448,-1.305825,-1.992973,-0.062814,-0.667309,-0.605145,-3.193301,0.528632
-0.719728,0.757985,-1.749176,1.058122,-0.282564,-0.260039,0.060966,-0.518154,0.432589,0.119489
0.564927,-0.778778,0.183275,0.479969,-0.818331,-1.258552,-0.024548,0.762329,-0.009252,-1.109463
0.938278,-0.339754,-1.487773,1.050995,-1.184817,0.220487,-2.244768,1.077777,-0.781602,-0.429198
-0.778881,-1.294416,0.358825,-0.602979,-1.209175,-0.025126,-0.402406,-0.599794,-0.615935,-0.299701
0.678016,-0.138511,0.367125,1.047521,0.048139,0.023445,0.867924,-0.214517,0.692998,0.781118
1.519762,-1.074826,0.810294,-1.906164,0.628595,-1.355654,-0.261839,0.491056,-0.564360,-0.682205
-2.414796,0.498627,-1.589207,0.139748,-1.469922,1.698693,-0.471942,-1.828304,0.871832,-1.811402
-1.067433,0.635290,-0.734442,2.774475,-1.791247,1.981918,1.032195,-0.124109,0.847712,0.655495
0.785866,1.053613,-1.056554,1.421512,-0.530105,1.372219,-1.540729,0.601075,0.312819,-0.832807
-0.778466,-0.100704,0.416405,0.225065,-0.395786,0.436078,0.097143,-0.555019,0.965457,-1.158119
-1.304372,0.582998,-0.854083,0.835740,-1.103213,1.051562,-0.307350,-0.329534,0.119480,-1.262341
0.217017,0.568536,0.761701,-0.014529,0.411932,-0.693438,0.373014,0.445883,1.955978,-1.188820
0.481929,-1.066473,0.715636,0.657112,-0.591016,1.189111,1.245423,-1.335128,2.294821,-1.645016
0.059749,-0.076248,-1.277568,-0.475049,0.027627,-0.251912,-0.957305,0.030996,-1.937139,0.215930
0.919708,0.888517,2.735021,-0.279985,1.610207,1.911134,-0.112438,1.607066,0.448195,0.389571
0.063049,-1.202369,-0.502308,-1.373196,-0.164927,-0.995210,-0.976144,-1.886725,-0.681301,-0.458583
-1.179264,0.352430,0.064902,0.169469,-0.786348,0.042914,-0.111945,-0.542905,0.151501,-1.092176
0.064814,1.796487,-0.882939,1.039929,1.279711,0.418275,0.552978,0.675317,-0.202316,2.271869
1.021639,-0.174789,0.583790,0.426071,-0.419025,1.947820,-1.379540,0.873788,-0.016120,-0.804003
1.877213,-0.381380,0.425105,0.350102,0.842182,-0.720523,1.510727,0.135935,1.306223,0.202982
0.892211,0.173978,0.483639,0.187789,0.499963,-0.166027,-0.418640,1.443755,0.046695,0.482898
-0.491872,-0.127999,0.561285,0.265467,-0.613436,1.754660,0.561329,0.258832,-0.015664,0.646612
-0.581688,0.431276,-1.092699,-1.725600,1.344930,-0.170648,0.251545,-1.596831,-0.603540,0.657552
0.960643,0.200628,0.581722,-0.247848,0.807786,0.055962,-0.141125,0.464402,-0.061276,0.542627
-0.274798,1.956513,-0.338396,-0.091362,1.280838,-0.562035,-0.932558,1.504305,-0.897728,0.322302
0.230778,-0.609259,0.260527,-0.587801,-0.568449,1.358202,-1.915552,0.578606,-0.638130,-0.642044
-0.917899,0.954205,-1.203028,1.022115,-0.052595,-0.015479,0.162356,-0.295429,0.249993,0.469529
1.544342,-1.718219,2.130018,-1.053025,0.011441,0.727812,0.956953,-0.521107,1.456947,-1.065979
0.184274,-0.434966,-2.312589,-1.249380,-0.016289,-1.042532,-1.761477,-0.666935,-2.005222,-0.630362
-1.058606,-0.839192,-0.726567,-1.053907,-0.415618,-0.611792,-0.117242,-1.540134,-0.698521,0.095570
-0.390660,-1.189108,-0.170208,-0.246409,-1.192828,0.137633,-1.049839,-0.974353,0.559275,-1.746677
0.101774,1.245802,-0.388180,1.799303,-0.384715,1.856174,-0.565109,1.285192,0.639080,-0.664373
1.291264,-0.312854,0.868475,-0.309999,0.556397,-0.400456,0.940697,0.305400,0.572090,0.401152
0.719428,2.459869,-1.458547,-0.118139,2.681859,-0.651922,0.304650,0.361502,-0.475425,2.237382
-1.933530,-0.983367,-0.593149,-0.591671,-1.652730,-1.433084,0.049824,-1.332803,-0.590120,-1.556558
-1.188417,1.244727,-0.462302,1.471904,-1.041561,0.301396,0.412622,1.343893,-0.295935,0.405573
-1.535147,-0.421649,-0.292790,-0.880560,-0.635730,-0.571020,-0.171559,-0.328229,-1.083095,-0.663150
-0.484927,1.379275,-0.150596,2.334183,-0.493857,1.715662,0.188082,1.087272,1.116778,0.486813
-0.019896,-0.006323,-0.402120,-0.308250,-0.148715,0.035926,-1.010529,0.560327,-0.963996,-0.079865
-1.003220,0.630033,0.598683,-1.299245,0.901113,-0.610002,0.315086,0.546352,-1.378088,0.136123
-0.798761,0.526362,-0.977519,0.795791,-0.434739,-0.470886,1.434244,-0.998123,-0.115947,1.170717
-2.571332,-0.106600,0.317966,0.189138,-1.490050,-0.184058,1.266161,-0.652095,0.263610,-1.463633
0.322993,1.219868,-0.015572,-0.543282,1.187530,1.462782,-1.484361,-0.078704,0.594638,-0.693865
2.283693,-0.836115,0.915214,0.039822,0.402054,0.257769,0.129057,1.188644,0.110266,0.262911
-0.842053,1.814127,0.490414,0.734814,1.038760,-0.983285,1.743770,-0.200694,1.500002,0.738707
0.630555,0.796589,-0.322181,-0.011967,0.828500,-0.439249,-0.682442,0.987693,-0.772554,0.302480
-1.273252,1.263662,-0.246705,0.261647,-0.604788,0.534697,-1.330739,0.988929,-0.454790,-0.874395
1.970239,-0.512314,0.154245,1.117992,0.237502,2.055360,-0.142751,-0.567269,1.156167,0.112410
-0.640376,0.287126,-0.781577,-0.931852,0.262200,-0.840388,0.285589,-0.750035,-0.286616,-0.050358
0.680317,0.559405,-0.292354,-0.960341,1.554578,-0.981907,0.651283,-0.678375,-0.364061,0.371133
-0.462388,-0.368462,-0.459970,0.100951,-0.129014,-0.881297,1.636157,-0.472227,-0.042026,0.947705
-0.862158,1.728978,1.058819,-0.122779,0.837315,0.196175,0.471137,1.232797,-0.297577,0.282367
0.245878,-0.189365,0.770802,-0.264334,0.455437,0.187039,0.251643,-0.245645,0.377588,0.206251
-1.095877,1.583470,-1.318029,1.310088,-0.251484,0.403200,-0.838845,1.395764,-1.775350,0.642848
-0.975079,-0.912577,-1.651675,0.462680,-1.270567,-0.025636,1.902816,-2.651366,1.424856,-0.698961
1.663287,-0.638485,2.148063,-0.656826,0.844314,-0.729413,-0.018756,1.682398,-0.249649,0.750642
0.668367,-0.171831,-0.247774,0.364834,0.260919,0.577316,0.479985,-0.166360,-0.458192,1.891852
-0.820118,0.042158,1.279783,0.887825,-0.512538,0.466064,2.399626,-0.846101,2.022365,-0.346953
0.387336,1.720963,1.990595,1.142409,1.361028,-0.394743,1.135477,1.751717,1.803988,0.041584
-1.073764,-0.321061,0.704418,-0.112543,-0.627252,0.388289,-0.375830,1.031759,-0.508600,0.257414
-1.371738,-1.004020,0.763926,0.356635,-1.319746,0.703094,0.733913,-0.420406,0.018611,-0.768840
-0.362715,-0.077495,-1.323238,-0.610099,-0.066525,0.692176,-1.243750,-1.255742,-0.313348,0.087928
1.190478,-0.865219,0.271267,-0.107016,-0.295460,0.498048,-0.845543,0.324287,-0.183882,-0.231251
1.216601,-1.430524,1.283926,-2.465635,1.387300,-0.721050,0.224792,-1.573728,0.921217,-0.747504
-0.019507,0.450224,-0.548678,0.337074,-0.262150,1.539190,-0.664908,-0.080123,-0.443650,0.305476
1.775657,0.078456,1.085980,-0.082097,1.267180,-0.111022,0.354105,1.433499,-0.635836,1.652773
-1.291614,0.799733,0.582280,-1.978278,1.193038,-0.881111,-0.071572,-0.129197,-0.916889,0.581189
0.106850,-0.419222,2.934523,-0.479981,0.367190,0.565550,0.873476,0.766984,0.632399,-0.425791
1.828493,-1.626515,1.391576,-0.556269,0.327385,0.780854,-0.562313,0.558783,0.796628,-0.988718
-0.067244,0.257282,-0.429970,-0.270763,-0.058665,-0.966650,-1.178327,-0.415517,-0.268185,-0.885395
-0.233783,1.954888,0.104771,1.203083,1.485025,0.815040,0.060150,0.913189,1.295952,0.744275
-1.700879,-0.405169,0.019544,0.509810,-0.723418,-0.008008,1.029941,-0.709996,0.073041,0.594093
-0.450732,-0.113193,2.436126,-0.259486,-0.010801,1.102383,-0.409167,0.793201,0.668161,-0.351937
-0.304461,0.187472,1.532129,-0.390039,0.691548,0.689292,1.490084,-0.076785,0.428546,0.825488
0.516943,1.381182,0.039039,2.019806,0.088875,1.484213,-1.071299,2.148426,-0.318038,0.932619
2.338092,0.057154,0.416737,2.265326,0.263723,1.475467,0.648377,0.624936,2.449324,0.964126
-1.712790,-0.454762,-0.189786,-1.408435,-0.521680,-1.245994,-0.293615,-1.070229,-1.481796,0.199683
-1.659959,1.576889,-0.827381,1.385422,-0.651689,1.342710,-0.904487,0.145453,1.097782,-1.646218
0.914376,1.481391,0.378835,1.337087,1.484433,0.823664,0.090183,1.764426,-0.386114,2.328988
-0.701519,1.752204,0.286658,1.848437,-0.477911,1.234690,-1.002200,2.638207,-1.845029,0.762994
0.195263,-0.464689,0.427006,0.092960,0.119511,-1.877673,1.336117,0.258331,-0.833812,1.365605
-0.526553,-0.372492,-0.603625,-1.337877,-0.075916,-0.487108,-0.054685,-0.757937,-0.838386,0.121239
-0.326410,-0.442609,-0.449807,-0.231125,-0.144337,-1.317806,0.589934,-0.423409,-0.379790,-0.262815
0.980832,-0.309658,-1.422167,0.855392,-1.045337,0.464274,-1.329890,0.976731,-2.072120,1.244987
0.645778,-1.337916,-0.477427,-0.672521,0.144210,-0.918585,-0.026416,-1.442021,0.346538,-0.370337
-0.115788,-0.370283,1.020362,0.504459,-0.701675,1.407059,0.927615,0.044860,1.569611,-1.057614
-0.662882,1.363880,-0.644327,-0.238341,1.250103,1.194885,-1.098048,0.684374,-1.904688,1.201451
-0.093709,-0.504485,0.649044,-1.383851,0.237025,0.308511,-0.375907,0.165180,-1.092928,-0.232748
0.584631,1.708461,-1.139692,1.621793,0.676173,0.211432,0.097793,1.708615,-0.637605,1.628226
-0.163931,1.198582,-1.326527,1.101430,-0.544678,-0.924818,-0.883604,2.125065,-2.011340,0.697688
-0.628909,-0.212618,1.104610,-1.242083,0.350547,-1.733862,0.005779,1.023428,-1.313133,-0.467319
-0.082593,-1.202155,-0.471548,-0.078159,-1.497164,-0.156044,-0.105825,-0.021786,-0.985322,0.276602
-1.336937,-0.188953,-2.206523,-1.109022,-1.087288,-1.452400,-0.681756,-0.980611,-1.321149,-0.547678
0.345807,-1.259709,-0.056724,-0.989515,-0.471278,-1.682579,-0.274354,-0.402633,-0.183604,-0.984079
0.705937,-0.382633,-0.189374,0.056996,-0.138527,-0.503898,-0.606093,0.136417,-0.818669,-0.293182
0.131482,1.464431,-0.516847,0.745736,0.993583,1.353492,-0.455586,-0.088403,-0.193967,1.488634
0.474498,0.786149,1.082091,0.009054,1.182984,0.115709,0.518719,0.745718,0.149051,1.535332
1.112853,1.241600,-0.602944,1.212929,0.916750,0.698148,-0.145026,0.287656,1.527849,-0.371711
-0.582774,-0.061358,-0.160405,-2.486817,1.510380,-2.123417,0.090931,-0.388520,-2.160530,0.987317
-0.451008,-1.822484,-1.581198,0.449879,-2.676111,-1.040733,-0.110884,-1.247421,-1.055834,-0.568452
0.452735,-0.542474,0.716880,0.630209,-0.467143,0.005513,0.899101,0.547214,-0.033570,0.338324
-0.022405,-0.093864,0.563621,0.920602,-0.344913,1.442368,1.764282,-0.087463,1.636971,0.643441
-0.006081,2.365941,0.406575,1.565290,1.549663,0.146041,2.029533,1.628949,0.543849,2.685693
-0.125351,-1.249605,0.600326,-1.118295,0.524473,-1.038830,1.495731,-0.598607,-1.463534,1.609525
-1.350277,0.385329,0.057606,0.339961,-0.799360,-1.256301,-0.507295,1.525179,-0.890428,-1.153285
-0.460689,-0.801577,-0.368091,-0.319567,-0.804573,0.965440,-0.454568,-0.539980,0.394318,-1.213936
-0.797656,0.333730,-0.461167,1.805394,-1.058856,0.285189,0.711311,0.317845,0.402823,0.498176
0.942460,2.069045,0.202853,0.200656,2.150767,-1.225714,0.553454,1.318124,-0.220083,1.601072
-0.766721,-0.016165,-0.887273,0.687952,-0.457944,1.329593,-1.022554,-0.027139,-1.328710,0.990110
1.061794,0.395942,2.773417,0.218452,1.243507,0.224376,1.812520,0.921857,0.760764,0.939712
0.777298,1.184791,0.052233,2.465675,0.048907,1.873445,1.781397,1.364906,1.106485,2.228005
-1.444330,1.881137,-0.470603,0.415667,1.098032,-1.000586,1.580634,-0.771861,1.343721,0.410505
1.627786,0.870326,0.696801,0.803470,1.143098,1.031237,-0.669549,1.139673,1.506146,-0.370711
0.015241,-1.122217,0.495701,-0.648364,-0.047865,-0.135000,0.610839,-0.957254,0.263603,0.017731
-1.094818,-0.563802,-1.185175,-0.375739,-0.925576,-1.606723,0.191494,-0.958003,-0.913434,-0.352309
-0.925900,0.414067,-0.190309,0.164290,-0.687469,-0.229875,-0.766747,0.478550,-0.730558,-1.038279
-0.382216,1.950425,0.336720,0.134330,1.369383,0.452637,0.325670,0.113785,0.923704,0.474335
-1.122720,2.689937,-1.085872,-0.092166,2.211790,-1.011321,-0.312360,-0.625290,0.438269,0.668445
0.469782,-1.349265,-0.389699,-0.142076,-0.150979,-0.450433,1.292551,-1.308931,0.786369,0.240749
-1.747840,-0.137907,0.527385,1.012454,-2.040471,2.789326,-0.077273,0.126000,0.733190,-0.903096
0.065989,-0.150924,1.092933,-0.699938,0.667129,-0.514088,0.681761,-0.540995,0.907043,-0.709222
-1.377630,-0.599867,-0.857720,-0.082191,-0.785360,-0.072502,1.726487,-1.720955,0.812370,0.024235
0.591783,-1.463514,0.428130,-1.383293,-0.522849,0.280105,-2.314903,-0.198602,-0.880732,-0.907969
-1.011135,-0.309473,-1.219688,-0.545782,-0.568938,-0.875147,-0.099934,-0.419167,-1.643547,0.602313
1.342740,1.345303,0.073245,1.752455,0.912848,1.292253,1.570174,1.006460,1.319168,1.067439
0.066404,-0.140190,-0.559318,-1.658005,0.399021,-0.931453,-1.512075,-0.767148,-0.666081,-1.687812
0.883679,0.122682,-1.806288,1.023042,0.133335,0.912351,0.050107,-0.505019,0.371341,0.996856
-2.682467,1.102302,-0.089292,0.366395,-0.585480,-0.875455,0.747423,0.710039,-1.075990,0.985021
-0.196620,-0.388613,-1.670610,0.565313,-1.420226,-0.341840,-1.734008,-0.187746,-1.469692,-1.245283
0.367447,-0.895450,-0.375306,-0.395805,-0.200829,-0.414832,-0.262142,-0.899631,0.321039,-0.716966
0.177877,-1.454260,-0.442996,0.225786,-1.569207,0.677704,0.113667,-1.326532,0.234283,-1.044128
-0.790160,1.053288,-1.438237,0.262334,0.369366,-1.262709,-0.393624,-0.182109,-0.480742,0.212375
0.181497,0.006061,-1.421345,-0.517730,-0.586360,0.000324,-2.522421,-0.218399,-1.304966,-1.145564
0.525882,-1.334970,0.876868,-1.662596,0.427703,-1.404159,0.481859,-1.260180,0.093443,-0.336726
-1.186801,-0.410237,-0.756200,-0.440614,-0.868671,-0.352195,-0.705769,-0.891180,0.156053,-2.233793
2.346332,0.939050,2.437841,0.867026,1.804621,1.247839,-0.100684,2.377897,1.926250,0.201856
-2.135074,0.204860,0.173971,-0.975271,-0.575676,-1.271506,0.488961,-0.938665,0.417771,-1.320139
-0.231384,0.618605,1.284291,0.390947,0.424390,0.304032,0.103384,1.283143,0.597689,-0.401712
-1.079599,0.191589,-0.836403,0.263160,-1.098298,1.708206,-2.049743,0.337849,-1.459442,-0.472860
-1.414532,-1.340540,-0.278693,-0.329654,-1.693504,-1.069016,-0.454458,-0.522541,-0.947554,-0.917846
-0.372258,-1.420224,-0.721872,-0.550238,-1.709539,-0.418442,-1.670522,-0.537302,-0.320320,-1.145681
1.422691,-1.484368,-1.077604,0.689080,-1.107661,0.200095,0.328159,-1.582684,0.922226,-0.438985
-0.786260,1.120994,-0.866157,0.063863,0.065464,0.469810,-0.850215,0.096781,-0.538845,-0.403497
1.568927,0.418264,0.592773,2.926946,0.121879,1.158945,1.756372,0.727887,1.951177,1.019917
-2.801219,-0.754492,-1.942542,0.019356,-2.475831,-0.622980,-0.262670,-2.024602,-1.473206,-0.498937
-0.220718,-1.751600,0.334884,-1.780276,-0.612152,-0.570976,0.170012,-1.182309,-0.389990,-1.439170
0.897935,-1.827351,-0.293781,0.298273,-0.920702,-0.553981,0.469949,-0.964477,0.336430,-0.093676
0.761306,0.098920,0.326570,0.143854,0.477844,1.692907,-0.596434,0.197827,-0.064515,0.072550
0.267097,-0.028806,-0.191120,1.865417,-1.783423,0.662979,-0.102065,1.785903,-0.894804,0.183524
-2.198146,1.612996,-0.040435,1.206019,-0.376128,0.574861,0.814860,0.554294,0.499054,-0.011662
0.672735,0.247588,-1.413992,0.459121,0.019840,1.417568,-1.439403,0.349609,-0.766325,0.466890
0.644413,-0.934772,1.733376,-1.005472,0.806949,0.881215,1.526798,-1.008327,1.024083,0.970623
-0.010430,-0.743206,0.174249,-0.282007,-0.554773,1.247486,-0.457602,-0.331371,-0.416733,-0.096385
0.312223,-0.098004,-0.715208,-1.479071,0.757382,-0.694843,-1.793759,-0.761367,-0.977640,-0.778012
2.263710,-0.285903,-0.028144,1.554598,0.125767,2.373983,0.349686,1.124690,0.427310,1.238372
1.276779,0.475314,-0.608263,0.811611,-0.016251,0.655612,-1.127897,0.435836,0.577807,-0.267668
0.668949,0.786192,-1.516470,2.698321,-1.045284,2.425803,-1.341502,2.054229,-0.968857,1.359873
-1.974822,0.429238,-0.265883,-0.697240,-0.010524,-1.370411,0.374392,-0.418553,-0.819276,-0.285019
0.164194,1.116296,1.066173,0.749537,0.638087,2.335402,-0.092530,0.833944,0.261557,1.769586
-0.292671,1.147517,0.005013,-0.610607,1.901444,-0.746415,-0.307098,-0.015544,-0.298130,1.195248
0.231086,0.754523,-0.183264,0.369463,1.365442,-0.364554,0.490572,-1.110735,0.566674,1.206592
0.227344,0.517179,1.111988,0.171842,0.645709,-1.446457,1.171789,0.650920,0.497941,-0.494009
0.377447,1.499934,0.963115,0.344920,1.912633,0.163791,0.440634,1.885233,0.150847,1.663739
-1.451468,0.754410,-1.105724,-1.080740,-0.313522,-0.645706,-0.885231,-1.146174,0.173220,-1.022675
0.534323,0.751028,-1.226184,1.426513,0.077667,1.202904,-0.164157,-0.656859,0.343285,0.806490
-1.973529,1.003348,-0.506385,0.940803,0.379288,-0.729813,1.616848,-1.040655,1.394261,0.665769
-0.456366,1.211690,-0.083936,-0.844280,0.552619,-0.092434,-1.062261,1.821702,-2.424098,1.380879
2.022194,0.075748,1.244282,0.228141,0.925964,1.695362,0.489972,0.474875,0.502066,0.655350
0.349476,0.756407,-0.307233,1.336782,0.512953,1.547133,1.625324,-0.823130,1.181647,1.685630
0.097070,0.292162,0.552873,0.482439,-0.341002,1.683958,-1.256137,1.771255,-1.501150,0.760231
0.822391,-1.488433,0.848192,-0.999397,-0.925253,0.842174,-1.529689,-1.273300,0.374005,-1.986105
0.063360,-0.024946,-0.725679,-0.347292,-0.473129,-0.184313,-1.029779,0.178563,-1.157445,-0.152694
-1.797793,-0.715210,0.769634,-1.709891,-0.542885,-1.249067,0.244639,-0.007593,-0.443751,-0.950419
-0.423599,-0.264954,-0.337996,-0.439832,-0.288975,-0.517155,0.157291,-0.651531,-0.715229,0.689554
1.355171,0.145785,0.704135,0.335013,0.588295,0.721437,-0.192008,1.027084,0.173651,1.236207
0.226888,-0.090950,-0.707147,-0.806435,0.251471,-1.104059,-1.310555,0.098137,0.051110,-0.825100
0.099183,-0.220232,0.279233,-0.413799,-0.333316,0.331215,-1.074148,0.319190,-0.634481,-0.300410
-0.297572,0.777030,1.179275,-1.387981,1.021014,-0.237513,-0.948332,0.434997,0.099292,-1.319282
-0.948058,0.038891,0.894490,0.019838,-0.781055,0.051435,-0.074555,0.962769,-0.277379,-0.942866
-0.550864,0.319936,1.024659,-0.945208,1.135029,0.753929,1.188557,-1.407970,1.316353,0.138018
0.792981,-0.332683,-1.903165,0.926143,-0.615920,0.524405,-0.596726,-0.279598,-1.451637,1.110446
0.906700,-1.128994,0.564346,-1.645210,0.354775,-1.438001,-0.053091,0.068453,-0.095931,-0.549939
-0.554848,1.512182,0.057223,1.590506,0.017242,0.493520,0.830170,1.144949,1.107150,0.540281
-0.280628,0.226928,-1.745540,-1.108201,0.528413,-1.849240,-0.552187,-0.555040,-1.008287,-0.174188
1.230172,0.427300,0.907910,-1.084937,2.069624,-0.806111,0.335487,0.083743,-0.054515,1.294238
-0.321272,-0.425344,0.302307,-1.506431,0.501310,0.332519,-1.256094,-1.068002,-0.807116,-0.152995
-0.614898,1.264281,0.210891,0.385343,0.166336,1.190362,-0.522906,1.311301,-0.802973,0.928181
-0.967503,-0.134931,-0.702936,-0.223849,-0.832594,-0.301133,-0.289534,-0.780694,-1.418961,-0.055069
0.208663,0.620446,0.555667,0.648455,0.108926,0.933943,-0.064473,0.948729,1.278797,-1.023366
0.208217,0.162514,-0.209667,-0.551107,0.419711,0.599714,-2.082327,1.013725,-0.824249,-0.420848
-0.105220,0.476548,0.329300,0.284735,0.749946,0.995464,-0.297210,0.554284,0.031385,0.552244
-1.791017,0.609706,-0.557571,-0.525041,-0.108978,0.598836,-0.494984,0.068877,-1.380919,0.555489
-1.386392,0.260368,-0.088579,-0.390482,-0.275679,1.275801,-0.169159,-0.496543,-0.972215,0.280273
-1.665754,0.517031,0.847012,1.332687,-1.406081,1.649626,1.906992,0.148664,1.177387,-1.203508
-0.085480,-0.996369,-1.124303,0.381860,-0.883365,0.984766,0.395921,-1.388570,0.414651,-0.138517
1.299731,1.192575,0.715718,0.496388,1.948621,0.470845,1.003717,0.785413,0.940145,1.392794
-0.253944,-0.245108,-0.694433,-0.326946,0.075640,-1.580774,0.199871,0.697760,-1.124884,0.889316
0.884474,-1.692184,-0.241333,-0.898703,0.020317,-0.206657,0.452021,-1.883127,-0.233818,0.185565
0.823707,0.006760,-0.611714,0.854960,-0.085106,1.640382,0.002308,-0.577554,0.817657,0.663301
0.538368,0.246953,-0.730856,-0.206286,1.270686,-1.626795,0.946941,-0.441094,0.989031,0.671446
1.070995,0.331329,-0.132604,1.019642,0.411075,0.213926,0.530902,-0.003471,1.730007,0.427468
1.803149,-0.839431,0.440834,1.652480,-1.199550,0.425878,0.363957,0.870874,1.338262,-0.735541
1.239558,0.572600,-1.721789,1.262279,-0.065167,0.529474,-0.966769,-0.516492,0.602879,-0.585008
0.205801,1.204824,-1.008561,1.054052,-0.399037,0.129684,0.096630,1.161128,-0.298744,0.215097
-0.190415,0.864810,-0.067472,0.284230,0.401581,0.196565,-0.314602,1.104562,-0.630691,0.868532
1.678301,-0.636546,0.822682,0.166880,0.519406,1.496489,-0.737410,-0.271296,0.479460,0.339445
0.813456,-1.086296,0.366871,0.875260,-1.273784,-0.020343,1.880743,-0.020978,0.321321,0.989216
0.031907,0.639349,0.485236,-0.159943,0.906940,-1.467622,0.346227,0.558086,-0.527920,0.570399
0.642683,-0.736247,0.685874,-1.685960,1.024004,-1.029663,0.296845,0.341690,-1.209386,1.156027
-1.018381,-0.887560,-1.497320,-0.298915,-1.554236,0.723540,-0.652680,-1.030616,-1.438968,-0.021721
