-94.530971,-4.482930,14.371078,9.883571,-67.907333,54.549387,0.000000,
37.012482,-10.660879,32.311860,-24.656228,-37.914266,-37.294537,3.000000,
87.013383,79.918080,25.927196,29.782140,-14.176870,0.724436,3.000000,
65.342074,-4.751140,-46.138453,-70.618432,13.738482,92.081785,4.000000,
-51.328685,33.746924,-97.330778,26.874657,38.063387,12.442025,1.000000,
28.946568,-72.702862,43.300352,32.996373,-66.136627,80.900042,0.000000,
13.476757,-36.214244,96.650079,95.221159,-78.095823,55.068026,0.000000,
73.741455,32.161550,-20.700739,95.051598,76.044148,9.449056,3.000000,
24.219364,8.083553,-98.377269,18.689519,-24.624461,11.404415,4.000000,
-14.763576,72.892954,-66.017921,-67.223634,-66.994454,-70.496174,4.000000,
7.337907,70.193199,43.791322,49.651193,48.484290,56.130784,2.000000,
-49.268455,55.615359,92.015042,-18.537430,-45.917586,78.292179,0.000000,
63.355248,-6.473899,-59.270237,-38.490241,16.395991,-48.278291,1.000000,
27.922676,92.557601,44.698427,-90.817791,-77.073459,94.306277,0.000000,
89.028308,57.350361,-47.269967,-73.162024,8.830491,-9.833562,4.000000,
60.302888,-85.821393,-45.777506,41.720523,96.774907,-3.019603,1.000000,
-55.442250,65.016380,-59.496882,26.945406,-89.605743,-82.615647,0.000000,
-89.384711,9.064656,5.511866,65.418819,-29.565712,-79.794759,0.000000,
57.396584,40.459425,-36.403011,-30.699763,-51.336741,-6.094699,4.000000,
65.479271,98.871879,65.579091,-57.780121,-67.796601,56.497031,2.000000,
-65.670485,-78.775455,-41.916700,-68.905591,47.881078,86.235578,4.000000,
-86.998624,75.689692,54.241147,95.056395,-48.802186,-44.117492,0.000000,
26.236749,-7.752337,-62.588521,84.129204,-95.878508,5.243103,0.000000,
-99.329095,14.173480,64.209693,78.319690,-92.558761,-48.185771,0.000000,
92.677580,-19.639647,-6.433769,35.193072,75.408153,74.685271,3.000000,
88.945149,27.399204,93.333492,82.873407,-21.981999,79.261585,3.000000,
-62.848044,-91.538221,-53.357775,31.423572,37.680120,17.338844,1.000000,
56.627382,-8.084947,41.089052,95.717908,-25.671283,-55.232949,3.000000,
-53.058228,70.180590,-77.372754,2.037878,81.968656,-81.556760,1.000000,
57.599456,29.265966,-98.237832,78.133873,-18.452380,79.245468,4.000000,
67.786653,-64.758259,-46.362705,-90.928817,95.422813,8.901561,1.000000,
7.741117,15.919535,-91.479061,-94.558905,-94.832993,-50.572582,4.000000,
90.705247,-27.956843,38.190310,28.531052,68.393282,58.981251,3.000000,
16.126035,52.027903,44.566677,67.370464,62.107287,46.262744,2.000000,
28.453497,-38.003844,17.476655,54.455518,55.407060,-44.993087,3.000000,
60.301314,90.631546,-76.776393,51.361087,42.625068,-93.483738,3.000000,
1.490183,-26.289435,-16.287294,75.762036,27.641212,-8.475662,3.000000,
40.034027,-96.721112,75.976784,-14.268165,-81.674844,67.403291,0.000000,
-12.333301,69.983367,50.185599,-17.821243,63.248104,-85.945633,3.000000,
25.739039,56.536212,64.287067,-28.426952,-41.988429,77.235069,0.000000,
13.752886,-28.594492,-18.455086,-77.972507,48.366549,-50.968024,1.000000,
50.278943,-58.825854,-2.620473,-28.592322,42.189973,-58.705707,1.000000,
-26.696535,67.756639,67.126663,84.103160,-96.893035,11.893882,0.000000,
-2.959713,22.073795,-29.203395,11.775683,80.304848,-74.026069,3.000000,
-22.992879,59.743311,-30.065088,-19.994647,-73.701836,99.727459,0.000000,
-19.108099,80.540996,-62.760666,21.452885,48.909475,-33.232076,1.000000,
43.482203,-41.198272,96.777961,-39.533049,88.100570,-37.739854,3.000000,
20.516223,-41.327903,-71.896367,58.738648,-93.834616,-64.605792,1.000000,
-86.530124,-77.644823,-49.771206,67.247665,-30.546061,-91.013435,1.000000,
-63.309503,54.108832,-18.726059,-76.281495,54.848939,4.516868,2.000000,
-88.046646,-60.828619,-68.061267,45.552065,-41.598423,81.436904,0.000000,
73.140923,-84.955435,58.657131,43.175712,74.420286,-88.449332,3.000000,
-94.664072,-90.622917,-11.912736,5.190844,86.829847,-61.797332,1.000000,
-22.610318,24.881955,52.776287,38.260924,-45.491870,31.174030,0.000000,
-0.720107,-30.358457,37.102223,49.100252,82.548117,-72.045998,3.000000,
37.583519,-29.030253,-37.485777,-11.717833,25.638501,12.161837,1.000000,
81.174858,-94.660120,-24.723479,-21.918149,39.141807,-93.450612,1.000000,
-5.093697,-59.764077,31.406208,-44.353348,55.215819,-44.636333,1.000000,
-49.024080,95.952095,81.978962,27.346660,71.522239,43.080332,2.000000,
-21.838080,66.314876,-16.706779,-0.768184,-92.174852,-31.651214,0.000000,
75.711800,85.704135,-2.157679,-7.797824,-17.419725,-46.214135,3.000000,
-91.652138,-38.715579,9.376407,38.604821,3.674820,25.230484,0.000000,
-23.172827,-16.216677,-72.602397,75.099485,52.898317,2.270593,1.000000,
27.178763,-54.043463,43.448102,-97.929468,-61.618077,-99.709884,1.000000,
-34.589772,83.292778,81.293425,-95.015245,-99.435786,-53.539240,0.000000,
-0.146269,38.178497,-60.788813,-52.874343,-95.171534,78.649355,4.000000,
29.950347,-10.780558,47.729141,58.535419,94.069492,-26.380311,3.000000,
-30.388721,-82.197245,49.544591,-43.610278,80.755761,-69.227717,1.000000,
-94.739648,-26.374611,15.453252,-96.219786,-67.924853,-79.648210,0.000000,
-10.001793,71.097398,58.728629,-88.025373,31.976772,81.963699,2.000000,
-25.792122,9.527047,-9.374018,-73.648846,29.785924,50.969517,4.000000,
90.084873,-94.249823,31.849065,53.610709,65.618271,-97.383096,3.000000,
-80.121650,-14.062800,-39.823295,-80.211764,-44.360280,54.070481,4.000000,
-49.943352,-67.737429,-6.401457,-11.250072,-11.944938,63.196846,0.000000,
-95.747605,29.079527,-44.605084,-36.624932,-63.311469,11.534503,0.000000,
25.177297,95.862846,-63.113349,-60.619731,33.646301,59.466904,4.000000,
-54.294164,50.236557,81.632352,-3.291058,-18.731568,76.306764,0.000000,
-14.081431,-84.064330,46.512529,9.223665,-73.395771,42.252297,0.000000,
64.536655,68.087970,55.667138,-66.121918,-11.241293,-71.494919,3.000000,
-6.386997,-22.445117,44.349113,32.701406,84.207304,-2.611654,3.000000,
33.684208,-50.408529,1.715799,94.385855,22.915228,19.983805,3.000000,
63.680222,78.049903,37.700926,-74.213924,-24.489043,58.428449,2.000000,
44.176101,77.453662,-47.146230,74.322148,-12.831451,-53.980585,3.000000,
97.526554,65.730318,-94.549760,-48.226703,-90.660507,93.822220,4.000000,
-37.960163,-52.329814,-65.031949,-71.440493,-36.166056,-81.193308,1.000000,
2.934810,-39.232213,43.719428,75.804742,-3.150272,-3.137200,0.000000,
-26.757383,77.644414,-89.005567,74.250008,-24.671287,29.776477,0.000000,
89.033962,-73.841793,98.342376,24.710630,-81.111994,-18.698253,0.000000,
82.873978,27.769736,96.443711,67.615956,-32.525623,9.652163,3.000000,
-70.619094,-79.499013,-3.325150,32.975581,48.071033,-79.699835,1.000000,
74.049606,-78.224957,-51.471478,75.706524,9.948864,42.629507,3.000000,
-22.933499,-59.015557,78.168054,-46.202688,17.573444,-82.684868,3.000000,
-72.386336,-48.897299,10.281998,15.226844,53.748776,31.582646,0.000000,
-4.363158,-9.272674,27.474018,-54.319371,70.342070,4.751268,2.000000,
-23.237293,82.639864,-53.089142,97.522200,-79.172358,55.960439,0.000000,
83.907300,40.471174,-29.064730,-77.791366,-3.953007,18.443919,4.000000,
-46.746739,24.882727,59.886165,61.779354,-28.604545,-47.762975,0.000000,
-40.802971,93.107866,-79.029451,-53.918919,34.338629,-35.674041,1.000000,
-25.739561,-24.189495,44.784507,29.621866,33.181103,-6.851387,2.000000,
57.075174,-68.921353,-59.277650,-64.433800,62.228094,-14.992451,1.000000,
-48.551643,-15.554296,-88.591788,-51.989496,-16.426173,-36.472454,1.000000,
41.279713,1.387976,-8.200765,-92.283151,-16.856626,3.478879,4.000000,
-56.396816,-94.309596,22.818684,21.672469,69.602150,-4.369330,1.000000,
93.421644,-49.842169,-47.102408,91.570385,53.671844,-9.356470,3.000000,
-20.616153,10.788489,-34.436376,32.737425,-1.652607,77.782427,4.000000,
-83.555214,-71.024076,46.541705,40.656785,14.407705,27.868083,0.000000,
-5.813189,-57.577115,-53.720479,36.641848,-91.067369,-61.490012,0.000000,
44.024764,58.557286,-2.426769,62.985358,-38.854103,28.175538,0.000000,
-76.689634,50.678473,60.606039,-96.733490,25.078622,-23.995928,2.000000,
-92.030781,-71.935505,44.475476,96.029304,13.461318,9.655210,0.000000,
-31.341156,-21.566264,68.663997,76.796211,-16.936498,-66.310865,0.000000,
40.635020,74.298947,19.411735,-75.429459,-15.264118,-3.019743,2.000000,
-80.732636,31.286977,58.933401,-82.241409,-93.109199,-44.145886,0.000000,
40.895809,-38.843083,49.591598,47.291995,-99.824783,-62.528909,0.000000,
-16.106845,90.836373,42.565961,65.447635,46.899161,-55.729426,3.000000,
21.527763,-15.914870,63.409035,99.029996,-6.006070,-66.782003,3.000000,
-9.625558,54.071189,-75.728242,55.681521,28.221848,-84.065662,1.000000,
43.383207,64.201466,-16.816066,65.646682,-75.327303,-31.251388,0.000000,
-6.338092,-93.220614,-87.450493,-99.383178,25.876451,-67.431678,1.000000,
-95.089042,70.290264,-7.110981,-68.314941,88.495287,50.056297,2.000000,
66.874446,91.324241,27.233723,51.801348,-38.597108,-96.777989,3.000000,
28.564109,-9.722949,-3.855280,85.210918,77.094805,-93.801507,3.000000,
-50.055332,-57.890715,-0.604378,-46.697640,-14.071023,-25.056139,0.000000,
-43.712574,-41.295382,-57.705071,-77.096328,50.174049,66.744137,4.000000,
-68.355027,63.243703,-88.045931,20.512007,56.212444,-19.336449,1.000000,
-20.767787,84.973357,-15.862684,-85.908660,58.620966,31.039508,2.000000,
3.460638,-4.475127,97.200489,-56.870462,-21.039864,58.400104,0.000000,
15.059958,-55.675011,-54.401237,-83.855093,-99.566140,30.756238,4.000000,
-5.146233,89.037690,18.662751,82.026413,22.040594,64.693333,2.000000,
73.748019,8.152670,54.556002,-83.702626,99.445767,73.866935,2.000000,
74.565227,34.052283,97.127529,79.757335,-38.349427,-20.517588,3.000000,
-93.372458,49.619667,-14.727057,-28.661567,-96.451285,-30.143213,0.000000,
-67.791682,35.396240,7.783235,-83.523759,-5.363721,41.871930,0.000000,
35.680316,-18.135040,83.020201,-18.267216,-70.624098,-62.055259,0.000000,
-12.276268,90.364995,45.650797,30.316838,-17.471834,-85.213486,2.000000,
-76.556369,-35.564227,-42.364858,-16.770998,-45.866957,52.415816,0.000000,
48.278814,-94.333845,38.522474,-60.157832,-83.428656,46.140130,0.000000,
78.397027,-5.979116,33.325431,-5.515783,93.741776,-31.889120,3.000000,
39.952481,-10.801871,-3.243606,9.603122,-23.879236,-6.896169,3.000000,
-8.537374,2.627974,33.023804,68.765809,-51.564988,-42.900792,0.000000,
73.846613,-10.746715,17.759560,-3.803542,76.742834,-51.095139,3.000000,
-2.029725,-84.264734,43.459063,88.101218,-66.379655,68.492867,0.000000,
62.627687,-41.615460,11.643857,81.350174,-6.814075,13.146214,3.000000,
-70.720991,76.993285,26.334242,-3.679857,-40.482421,93.222021,0.000000,
-5.351750,-78.566074,23.967201,92.305723,83.967727,-16.664965,3.000000,
2.002717,-81.581353,2.437330,67.128323,-61.226463,2.740968,0.000000,
27.294740,60.263937,61.488600,22.373016,24.998551,27.418375,2.000000,
21.103077,-65.868516,-86.323780,9.363895,-76.431195,-63.750417,1.000000,
-74.464765,-26.057154,7.362251,87.018119,19.474085,66.610856,0.000000,
-71.464197,53.665986,-84.057193,17.947902,-67.269822,8.749066,0.000000,
63.223516,70.915297,-40.911549,-77.126605,-91.301785,21.052225,4.000000,
-88.585814,-55.500096,9.801207,-25.060985,-23.429469,17.394921,0.000000,
-79.161840,78.226416,28.662680,-54.366773,-47.774827,-70.925659,0.000000,
64.790908,43.368980,-67.887588,-89.552961,-6.994345,-95.544594,1.000000,
75.175396,-33.500426,66.415891,94.131950,-94.399927,35.254537,0.000000,
-72.685553,69.614393,86.370504,68.251928,-53.821870,-51.076950,0.000000,
-46.042240,38.718002,84.554210,93.957934,-75.912289,-9.949877,0.000000,
-22.784039,90.886749,-58.590569,13.002236,77.832268,-64.584418,1.000000,
-53.651782,72.873987,-77.598055,-7.496186,85.215499,-29.041370,1.000000,
58.818977,30.656292,-71.335924,83.619389,6.972566,-87.103272,3.000000,
-12.949647,15.306508,-24.835378,-84.096052,-3.488892,77.754509,4.000000,
-85.031106,96.329066,-58.923488,-90.985933,70.219881,-70.510401,1.000000,
1.133297,45.585103,-56.259513,4.749815,67.653456,-40.235680,1.000000,
-6.238879,43.203332,43.892803,-63.015578,79.928067,76.126689,2.000000,
5.063292,52.192003,-53.006914,-70.811209,-82.310868,6.088051,4.000000,
62.630225,-71.133287,-0.575754,40.071173,57.777038,-90.531539,3.000000,
69.525050,-63.668536,35.387893,39.302595,36.955107,60.988876,3.000000,
-59.793069,-92.499570,26.047331,27.946178,-77.578721,10.132580,0.000000,
-80.153554,83.283529,60.222560,61.514277,-74.048002,56.131358,0.000000,
49.202344,-69.483135,-85.750519,87.362474,23.101378,13.923764,1.000000,
72.498140,70.346788,-3.078558,-97.409298,74.707085,-33.273115,3.000000,
-43.531224,-93.755145,-89.738040,-81.783879,59.144469,49.789785,1.000000,
-55.738543,-87.696271,-65.332901,4.936237,-14.439064,-70.869668,1.000000,
-34.614863,48.972096,-9.362478,-95.761184,20.177722,-28.560104,4.000000,
56.264161,-27.675618,35.421803,11.161688,67.668584,-61.216505,3.000000,
-42.295341,53.837528,-21.316023,-83.608546,-69.965512,-33.188275,0.000000,
23.812719,-90.929546,57.302745,16.953962,-17.061944,24.182620,0.000000,
60.940633,8.155619,-72.266066,97.602425,-99.846015,88.464698,0.000000,
-30.733580,-9.156944,-94.161903,-26.757639,-28.558273,-56.603753,1.000000,
-81.335404,45.639436,-36.499566,68.684989,70.758081,-21.900700,1.000000,
34.626497,39.656398,87.084685,-97.533732,-5.332819,-39.335053,2.000000,
-34.658290,-76.959405,92.999143,-68.656241,44.268964,64.222733,2.000000,
33.263252,36.361051,-88.591171,20.343402,98.354114,87.958879,4.000000,
-41.550327,-19.382935,72.230183,-42.170862,-26.893237,-59.377280,0.000000,
93.141691,75.052861,-69.135617,11.074079,4.189551,28.967663,3.000000,
-32.621010,-33.542931,61.777175,-64.582076,-52.582749,0.800267,0.000000,
-81.418745,-34.532613,-85.199474,51.856335,-2.248951,11.802472,1.000000,
-34.921577,-96.675884,37.772585,53.071695,6.765861,26.776185,0.000000,
-98.886435,78.186205,-76.426084,-20.775878,93.686336,-49.717482,1.000000,
61.228329,-13.458867,69.465153,-29.037627,-11.090102,6.787908,3.000000,
74.518530,72.732515,-97.796649,-83.453330,-4.310802,16.580778,4.000000,
-37.664899,77.670751,80.093457,-80.452566,12.209277,46.566187,2.000000,
-38.005418,-8.778054,-51.775221,48.395182,-35.672399,10.409656,0.000000,
-31.096423,68.367311,-35.456114,0.733055,4.790610,-15.563151,2.000000,
88.827110,69.808125,-4.197970,-93.918648,-45.483015,-89.490448,3.000000,
-55.316911,54.292715,-50.844831,-13.486441,54.215528,62.915610,4.000000,
34.203501,16.191497,27.714479,60.204756,52.638602,-81.079017,3.000000,
36.419389,-32.494865,96.959325,56.313323,61.694467,81.592498,2.000000,
64.767447,-36.257486,23.241136,25.348024,51.949012,-26.748681,3.000000,
-12.037608,1.840310,-32.548598,86.007295,40.510831,-82.972530,3.000000,
42.662781,-13.406128,-68.513126,-85.256678,2.987070,-29.476080,1.000000,
-45.352857,13.311376,-49.021470,80.986176,9.080697,-77.197886,1.000000,
-33.052759,80.237407,-89.570069,2.480668,47.478194,68.301235,4.000000,
-31.186974,-74.752592,-14.454067,-29.487451,-78.937696,-33.553226,0.000000,
-59.470049,-49.724121,70.963213,-94.529624,64.546044,-40.509524,2.000000,
48.500425,71.928619,32.169698,77.592319,41.446904,73.405922,3.000000,
76.943946,-27.166469,90.817126,28.994600,81.093747,-7.405599,3.000000,
87.895734,48.102229,61.606600,-30.082190,40.888082,77.585374,2.000000,
80.464441,-79.627599,-47.987923,-25.769267,42.471685,42.488504,1.000000,
14.744609,-5.361617,42.999661,-71.328964,-39.012052,-80.539716,0.000000,
31.415362,44.232048,-11.572595,51.779139,95.034117,34.420476,3.000000,
4.188617,21.406366,3.381374,41.724996,-24.601521,26.211578,0.000000,
87.079005,-22.891013,-36.387280,71.757476,-74.205259,-67.719503,3.000000,
-41.549618,-60.561970,3.486073,-43.300895,80.677668,40.693077,1.000000,
35.996858,-27.976375,77.593873,-7.377337,-61.956465,75.545532,0.000000,
-75.665502,-37.820207,-86.074576,83.300876,-76.974758,-60.825465,0.000000,
-53.640207,85.116493,-75.613573,71.492538,19.263552,-27.727064,1.000000,
-63.999079,0.810174,-98.408532,59.857472,63.135142,-54.420064,1.000000,
-59.264292,64.781588,-43.320829,12.291060,-75.096691,-74.907774,0.000000,
45.677218,9.793792,55.218295,-25.352101,-61.414220,79.816258,0.000000,
-56.027871,-15.697016,-92.144046,24.605575,-90.034160,-8.425079,0.000000,
30.052735,25.216282,-80.118114,-19.508264,-37.740818,-45.093449,1.000000,
-82.337910,90.089812,11.029319,71.835813,90.621469,-90.634063,3.000000,
-60.289935,59.240233,-90.932267,-41.253164,-44.181992,-24.770386,4.000000,
-16.184016,-9.748930,-6.123098,76.440525,42.014725,72.152224,3.000000,
90.961168,37.619652,-67.155639,-60.260514,12.539845,-20.113443,4.000000,
58.206315,44.744467,65.079462,-14.277615,19.862775,36.065388,2.000000,
-18.786254,-64.603146,-49.206037,60.133460,-13.582508,33.645647,1.000000,
-21.396949,-92.915838,-4.969116,2.116677,3.732190,-45.902983,1.000000,
-33.461892,24.234321,-24.213791,-91.397970,-5.261042,-57.059215,4.000000,
-76.737957,45.377836,-69.952179,63.657356,-40.936884,-41.214764,0.000000,
43.252095,-11.828832,-31.700511,38.696312,84.957226,30.155682,3.000000,
34.330992,-98.361682,1.262155,44.287724,97.811454,88.404328,3.000000,
-66.913956,-5.328137,54.426494,24.097022,67.269660,42.664479,2.000000,
13.202831,-65.328010,-64.903293,-79.065207,-44.410467,-98.915200,1.000000,
77.288944,-49.896807,-84.357391,92.607351,-34.321622,-60.864414,3.000000,
41.639161,-95.718029,57.812140,-27.473334,-40.393992,12.978295,0.000000,
80.177270,70.729931,73.853708,30.565985,11.213276,-47.108764,3.000000,
26.421943,99.674717,96.032912,87.345702,-36.663498,95.716990,0.000000,
98.331719,-50.118298,95.691247,28.428350,-71.941238,-67.879785,3.000000,
7.240098,41.369182,98.123206,40.801296,-71.995983,3.512598,0.000000,
63.168441,-37.753246,-47.421885,58.957755,-61.649880,99.748168,4.000000,
-37.535922,99.868125,74.274409,-95.569436,25.440820,8.104401,2.000000,
-59.428723,59.997751,-66.007454,-88.898567,1.740899,9.913834,4.000000,
-73.386082,51.891507,55.094193,83.939316,-56.312668,44.833281,0.000000,
-3.225380,54.091203,-37.855190,86.160255,16.653186,63.204631,0.000000,
-31.584609,-64.762552,57.637895,-55.083689,21.107556,27.874309,0.000000,
-22.523945,-96.511285,-7.089416,-98.223531,3.006629,-40.981620,1.000000,
-13.212362,-75.653084,63.426904,96.329107,67.691988,-43.846871,3.000000,
66.157420,-96.140691,58.918238,-85.721396,21.105423,-49.720644,3.000000,
26.321701,-26.810724,90.309482,-84.559693,-51.193485,-8.272735,0.000000,
-34.511367,-86.190219,-75.009445,91.725954,14.634239,-56.437925,1.000000,
-10.390696,88.361710,-53.004997,-75.401143,85.421495,-79.315293,1.000000,
-77.441303,-94.083972,31.407421,-36.294793,-40.740218,-73.817404,0.000000,
-90.744111,-38.457268,-86.788341,90.532918,-13.082662,86.396747,0.000000,
31.949603,68.340251,65.369242,76.786491,75.944618,-87.270406,3.000000,
-91.146312,-55.406582,-94.274336,44.115855,77.262933,58.735401,1.000000,
-82.123234,-16.103492,1.617899,-20.790382,1.263537,-78.783464,0.000000,
-34.203145,-30.562481,-59.760067,4.610350,-82.548460,-70.686590,0.000000,
38.765419,40.879473,12.437697,60.103846,71.609472,-53.518748,3.000000,
-70.701873,-10.042792,24.889262,54.384161,55.409947,50.230448,0.000000,
63.350123,-79.172776,15.648058,-12.498460,-64.598686,74.158436,4.000000,
-51.153556,3.909726,4.911710,32.564656,-39.981889,-51.537985,0.000000,
34.248698,-64.499702,-36.188282,48.739660,-0.928299,-16.786742,1.000000,
32.108091,92.175700,-80.488924,-65.083638,-31.156221,-44.383221,4.000000,
-0.410157,-99.792024,-54.507651,-1.995162,12.896549,-86.902440,1.000000,
63.747033,-95.898491,20.648327,87.314072,78.890070,-53.628802,3.000000,
-4.010467,93.755560,-10.081937,-13.599773,-61.799522,45.933238,0.000000,
-39.733943,-56.633304,15.014509,-80.712858,-43.050857,60.067234,0.000000,
-68.113029,98.917691,15.923819,82.677091,26.863087,-66.749935,2.000000,
70.399093,-23.859048,-1.960153,67.315189,-80.467687,74.240529,0.000000,
64.968220,59.826634,-32.365002,67.580010,-82.171260,57.266483,0.000000,
-12.095939,-72.393710,65.284414,-8.422033,90.228225,36.172568,2.000000,
-25.020037,-3.327208,-66.510525,-37.450337,86.843949,-49.654777,1.000000,
-96.115166,49.329479,-22.231936,23.058853,-43.610371,59.167478,0.000000,
-98.056103,9.238986,-33.412363,-91.999159,20.566763,56.148905,4.000000,
21.314384,-50.535123,-80.606210,-85.872985,56.440337,-74.242730,1.000000,
94.809545,-7.414925,-82.277476,63.236819,57.283083,-82.824195,3.000000,
27.241289,-74.824112,-48.296360,-68.744919,-61.162613,-65.104820,1.000000,
-7.663882,-62.910365,99.849450,55.781365,3.848493,-14.473127,0.000000,
-61.364841,76.494179,4.617828,84.372492,-45.555734,71.881128,0.000000,
-42.306883,-64.643236,-53.018393,-61.655947,-47.108482,-47.799753,1.000000,
-97.395656,-58.422883,19.814087,40.900694,78.797103,-74.793387,1.000000,
28.279649,51.298220,95.187512,-34.281417,-17.620455,5.584466,2.000000,
-48.618123,44.875985,-82.678565,98.033012,56.242419,-26.062471,1.000000,
-71.825609,-97.650574,-73.305946,46.315262,-21.203071,-77.948357,1.000000,
-55.364623,36.099780,15.561126,81.310050,38.825870,89.252085,0.000000,
83.530744,61.317984,-97.363402,63.995341,-73.072952,28.431108,4.000000,
-74.209357,92.714788,-54.119153,-67.479580,3.573816,-52.041481,4.000000,
-25.540132,15.565928,7.652737,-30.406775,88.168184,45.606063,2.000000,
-76.836154,1.129052,13.507311,52.665953,38.858373,60.333607,0.000000,
27.891359,-11.245886,17.447037,-55.813206,76.301112,-17.637414,3.000000,
-13.756107,-72.703690,-92.708555,31.334626,-42.526965,32.903953,4.000000,
-44.262160,-73.982420,-82.353113,-22.289170,97.589433,-86.768905,1.000000,
-99.917762,-17.842238,-82.234173,-33.194594,5.077185,-45.594400,1.000000,
-3.417162,35.970097,-2.743118,37.948377,93.418033,32.951097,3.000000,
8.764876,-90.529560,82.105059,-8.370442,-58.258500,31.372301,0.000000,
45.452729,-40.492578,8.442180,-11.415119,-61.448167,92.924189,4.000000,
-72.925704,-49.532891,47.325836,69.387244,24.316971,-79.784023,0.000000,
11.110376,-72.497238,-18.725988,83.195673,24.184196,57.875173,3.000000,
85.151971,-93.964156,52.764887,-44.006721,-78.086079,23.425771,4.000000,
99.670184,76.583911,-18.601529,30.883877,12.414931,-45.511845,3.000000,
-7.188990,93.839517,-56.084858,31.093080,-51.758244,13.568973,0.000000,
97.730026,-89.528073,-31.329956,-67.833688,79.189261,49.397103,1.000000,
74.530072,54.264987,-17.824991,-11.827121,49.812613,-30.314207,3.000000,
8.964300,-76.954373,-75.540110,93.698681,-63.521113,-64.697162,1.000000,
-62.521776,-75.778862,-36.697358,-31.221050,-40.424664,-26.343660,0.000000,
22.529270,-87.102566,96.972033,14.744440,70.506695,-59.436089,3.000000,
-65.780478,-40.390351,55.957265,-67.652872,-9.789691,9.869491,0.000000,
47.569262,73.032517,-62.275942,-6.432375,6.180773,-18.256338,3.000000,
79.847619,61.311906,79.358531,43.273401,-63.272222,-55.205517,3.000000,
85.481224,81.690799,24.789003,-96.495858,-14.647739,6.351092,2.000000,
-72.116191,66.604589,62.651874,-66.864792,-50.133018,-49.906806,0.000000,
-65.642112,33.458173,85.362049,59.295818,-28.128273,82.831346,0.000000,
74.390754,-3.847682,91.623629,-91.350211,61.181251,-88.372629,3.000000,
-89.121635,-83.723170,-99.990409,75.219268,-1.302498,-2.202427,1.000000,
-74.736809,-86.137446,37.144928,-42.912297,-79.461298,30.915428,0.000000,
66.407544,17.631514,-9.921186,34.705231,82.017895,27.668983,3.000000,
66.477416,80.505473,-51.788926,-16.072389,-96.290266,-85.103504,4.000000,
-14.315233,-50.782336,-81.119924,91.464576,69.432203,-0.093822,1.000000,
76.467516,37.653289,-37.234440,-76.168821,35.254567,-45.933679,1.000000,
-14.981009,69.054653,3.679237,-48.996462,-74.038240,-47.714980,0.000000,
26.472640,62.454621,-90.358961,-12.960620,-53.386821,-90.675563,1.000000,
-86.663172,-15.677736,67.923824,-30.161523,86.058445,-77.495175,2.000000,
28.379904,90.112504,-33.934082,-81.532052,4.840969,-18.215332,4.000000,
-48.968916,39.773965,66.759981,-56.393190,53.922938,-90.989980,2.000000,
74.507318,-95.293680,-70.376100,37.493107,-26.538345,-22.086071,1.000000,
-11.697475,-99.944337,-4.540724,10.135513,-91.873058,48.953241,0.000000,
-72.823926,4.707893,98.300623,90.499165,90.108471,31.944178,2.000000,
87.482929,-93.675031,15.307375,-80.004966,93.933213,-11.056096,1.000000,
-7.557023,-39.327738,22.749676,-99.579757,38.230905,52.424401,4.000000,
28.010392,60.737007,92.498389,-32.322755,-12.827942,-97.376497,2.000000,
-14.646861,8.369054,-57.141375,-21.947153,-51.834674,24.191639,4.000000,
73.722421,10.234954,88.767433,-52.332859,71.801915,25.767380,2.000000,
-50.409943,-56.116328,-94.668186,43.411284,-24.090331,56.417999,4.000000,
58.002350,-17.988523,-37.117525,85.458758,93.315595,76.224725,3.000000,
-76.605010,-35.601550,24.785080,14.444981,82.229033,34.195706,2.000000,
-51.760703,-22.324962,54.185908,99.364993,96.942633,-35.844852,3.000000,
90.462787,32.302880,-1.839104,-26.215480,8.617464,-75.689141,3.000000,
-35.010654,-81.684541,-36.828637,4.020382,-34.506135,11.375559,0.000000,
83.294521,-69.203349,-1.195100,85.325870,-75.368761,-59.880959,3.000000,
48.784407,-45.202699,70.885986,50.273425,93.026390,60.819862,3.000000,
96.280235,-32.735594,49.689584,-90.498370,27.957881,22.725869,3.000000,
-36.528003,52.056012,93.391917,59.540052,-61.623946,-65.818855,0.000000,
81.830028,53.095347,-36.740416,19.619787,-95.530884,23.941959,4.000000,
-13.878848,-95.288825,15.483197,-46.694911,-0.642928,-21.411733,1.000000,
-59.531854,3.249793,-81.942299,-46.819548,44.428355,79.819341,4.000000,
10.479340,88.454394,87.968682,58.991327,-77.225582,72.767861,0.000000,
98.642399,-47.906278,43.827510,66.944766,68.133450,10.055599,3.000000,
-80.083995,40.922847,-5.939974,-89.868968,52.111937,11.802929,2.000000,
-0.527762,81.415387,-76.435303,-31.441944,-1.648127,40.947663,4.000000,
-87.392287,23.564666,-70.655434,-32.666469,31.509829,-16.345936,1.000000,
-54.957227,-67.312054,87.261735,12.410479,-39.177297,60.707070,0.000000,
-94.586813,7.474635,-98.707006,81.958736,-90.976651,-27.616577,0.000000,
-70.498599,63.024044,-47.861778,-20.217194,-52.381148,85.929069,0.000000,
-1.153293,-37.014698,-44.733115,-23.905389,4.147286,88.983547,4.000000,
-86.481560,92.620014,-30.365053,-96.837296,60.835783,-3.453902,2.000000,
-54.382857,31.324794,57.398118,-80.158107,76.594493,40.036147,2.000000,
60.097817,-33.059980,18.336768,29.266010,74.849164,62.655649,3.000000,
26.327819,-94.722919,-84.462518,-71.958127,-10.548518,-26.595821,1.000000,
18.315265,73.356633,-42.185138,-58.858685,91.548799,87.490568,4.000000,
-92.040192,-17.211786,-2.566240,-10.069252,77.613841,50.134061,2.000000,
-21.937128,2.583248,-53.331289,-54.154231,-12.168855,-35.791123,1.000000,
76.090702,-97.140287,10.567640,52.824646,-52.843252,10.903135,3.000000,
78.812667,-56.782672,-82.064907,76.070536,-0.300916,-17.642136,1.000000,
-28.281265,50.451556,14.473219,89.587636,8.289429,79.807639,0.000000,
-21.460167,-50.535376,19.586797,97.542005,-79.263340,96.519473,0.000000,
-56.575583,-51.340151,65.078159,-58.317184,-32.036220,95.084913,0.000000,
-65.529688,85.308568,39.931844,73.428066,-59.927354,3.676939,0.000000,
75.497903,85.910160,86.097431,90.489749,33.868082,-22.209581,3.000000,
-86.987419,-12.390429,99.530582,10.779204,27.684784,61.171826,0.000000,
32.446445,-26.437108,-23.452550,-64.349571,78.519360,55.783792,4.000000,
-87.060740,2.424228,-1.815483,22.435793,52.201926,-21.051466,1.000000,
-72.092185,94.973433,-95.761303,-33.016105,74.014260,81.537048,4.000000,
-70.311610,-33.949370,57.421924,5.459277,-9.159313,-79.827595,0.000000,
96.095973,5.143296,-71.989622,-32.098550,94.238939,-97.198289,3.000000,
-18.601795,-87.138001,52.335903,-9.172472,-35.118389,95.861368,0.000000,
63.489860,-54.331643,7.545362,72.851790,-87.916539,45.601934,0.000000,
-19.350345,93.449494,-88.614466,-66.442661,27.439949,-74.196730,1.000000,
-24.893511,53.808784,-41.803100,-92.554965,77.562489,57.453418,4.000000,
23.411119,-41.213734,85.953272,-42.386333,-54.366049,76.343118,0.000000,
-30.774633,-82.725088,-53.822819,81.282924,-27.391549,41.350777,0.000000,
-17.544764,22.396383,-30.680851,-10.268961,68.324937,-95.344227,1.000000,
27.012271,52.995297,-65.448446,-40.568052,92.577693,78.444645,4.000000,
89.219632,9.898701,-78.024601,-4.592916,14.833846,-93.354724,1.000000,
16.043126,80.502075,57.721490,47.767601,-21.009778,-49.134884,3.000000,
67.507302,-4.658232,41.785365,13.158929,97.405420,95.955104,3.000000,
91.668610,-85.720732,-80.488929,21.628691,24.336792,-9.399140,1.000000,
-12.275239,-53.674900,-29.107613,84.199225,-17.388416,71.789473,0.000000,
-20.248727,-13.201543,64.773575,-99.625598,-54.789411,95.673899,0.000000,
17.266290,-69.407731,3.882822,-30.783945,-11.092490,90.224245,4.000000,
46.673921,19.896823,-6.098697,-8.090963,-77.120697,-24.689332,0.000000,
-43.071996,41.436726,-69.216487,23.606355,52.973613,-91.837749,1.000000,
-86.031823,-99.309852,45.668895,94.357217,25.360120,69.292803,0.000000,
75.565694,51.680075,-54.179320,86.726666,-16.167436,86.264923,3.000000,
-54.876260,-19.319569,-92.231162,93.105701,39.792995,-56.030968,1.000000,
-13.690649,90.039463,-35.727681,-97.647927,-24.049931,-12.359413,4.000000,
68.855468,-64.017649,-40.332397,13.486801,-41.728814,-79.726738,1.000000,
-53.707276,67.814037,-39.890036,-17.452564,90.164912,81.946742,2.000000,
-3.924656,26.149727,54.271041,0.515926,-7.375714,87.249212,0.000000,
-69.689123,-52.611295,-73.296027,-96.178706,47.467424,-62.973236,1.000000,
-96.718862,96.624403,49.495717,-39.826307,96.978933,83.844297,2.000000,
-98.865499,54.709914,99.672079,-83.000297,-13.987510,-46.272672,0.000000,
-51.602331,-87.358948,0.660699,-39.146478,-44.151598,-58.347220,0.000000,
67.003245,-67.899331,86.719667,32.630108,-97.628132,-52.469401,0.000000,
96.541062,-72.328035,-14.765370,-61.631397,84.357920,-72.473229,1.000000,
6.713625,-11.977652,86.729942,-85.570339,55.332089,-5.789876,2.000000,
-38.208351,-63.147732,77.709965,-0.139501,79.293018,-0.866271,2.000000,
-31.700697,-39.374073,-79.570336,40.980450,19.340739,-75.494376,1.000000,
44.559180,-55.054606,-71.981812,24.388251,87.876663,56.545776,1.000000,
-77.013881,-36.712470,-71.675098,-94.065212,-80.809254,12.822170,4.000000,
-76.955130,-96.769308,47.048033,66.210525,45.721815,69.025642,0.000000,
28.941919,-68.015842,-75.492905,85.898544,-54.363595,-1.852139,1.000000,
-63.797903,56.597278,96.772069,-47.251288,-13.649858,50.580992,0.000000,
-87.387425,62.423724,65.562879,-51.883086,-26.056787,56.729298,0.000000,
12.310951,-62.870625,91.462369,3.067264,45.021875,23.650411,2.000000,
82.411806,-92.811512,99.841953,-20.821270,21.717154,53.552847,3.000000,
-58.161452,35.385387,-36.425497,-61.150326,-31.852206,95.268956,4.000000,
1.504233,-55.237559,21.479459,-56.072962,-11.688063,98.008469,4.000000,
-63.289408,-65.454406,-54.983804,-66.671989,-98.466031,20.877981,0.000000,
78.031006,6.261861,51.316431,-54.214557,28.840651,-5.807508,3.000000,
-23.480944,43.057692,48.001787,71.152795,-11.461876,83.939382,0.000000,
-86.497379,-48.909989,-45.548580,-48.696112,88.610885,-93.682360,1.000000,
32.250813,-94.104966,-36.963693,-77.337694,17.864277,24.184212,4.000000,
22.086863,98.476704,-62.832079,36.356620,-71.427298,-69.576446,3.000000,
-82.866337,-29.695889,-41.739170,50.110441,31.559730,45.037351,0.000000,
-73.214167,-82.953434,72.741856,-33.759849,0.943851,1.919425,0.000000,
29.034028,-65.046251,-39.612312,43.146157,-7.601263,-45.290416,1.000000,
-86.588946,45.529943,95.142350,96.854169,-89.204370,-1.706299,0.000000,
-6.103051,15.496765,-86.798773,43.481183,0.445668,-34.508667,1.000000,
-9.213476,67.187893,-5.341113,22.956666,37.255581,-31.997501,3.000000,
-82.243929,-59.594995,-24.463670,46.057906,32.128816,50.663630,0.000000,
-23.921924,-3.567232,34.863353,-0.105721,-23.724230,-97.960330,0.000000,
-90.665231,-29.388764,58.387935,88.961878,9.190150,49.502711,0.000000,
99.105980,71.357724,-80.296593,-63.271853,-16.485709,-42.257507,4.000000,
-19.462781,-1.218529,83.151227,47.042194,-40.227606,52.875427,0.000000,
-28.489476,1.291773,-8.879645,-88.880349,-22.521208,63.342118,4.000000,
39.728645,88.875515,-42.297137,-57.703443,26.771773,-32.485990,4.000000,
99.760419,39.085979,-84.100733,-20.108207,23.803009,-82.529808,3.000000,
86.601864,-47.118765,26.168315,-85.533354,95.298928,-33.747807,3.000000,
-2.612174,-78.508606,-50.198555,11.700693,90.624607,-94.401285,1.000000,
-66.824011,-17.381756,-84.143968,-37.663327,25.485407,-6.843145,1.000000,
9.011998,4.553627,37.494397,83.579737,61.904148,96.274812,2.000000,
33.815948,-46.370618,98.957100,7.717663,5.519043,20.428335,2.000000,
74.100732,-3.361080,40.399362,-39.505025,19.585652,65.581622,2.000000,
11.627125,54.225474,-5.284510,35.831625,11.087653,20.228108,2.000000,
23.628808,-94.317002,48.974352,-95.072676,-20.107350,-75.683471,1.000000,
37.137577,90.654457,61.363933,75.397163,98.582807,-8.536492,3.000000,
51.508657,-53.006191,-32.207029,-18.634852,65.611124,8.028261,1.000000,
-1.060469,-37.486408,37.142316,-28.395899,-42.996705,91.380434,0.000000,
90.707457,-8.723853,-12.562760,-95.650541,-71.858983,26.760880,4.000000,
-40.312329,-82.899398,84.980515,63.180831,-90.414235,-22.818650,0.000000,
-51.980129,44.805336,36.546380,58.450687,-41.631846,42.876171,0.000000,
-81.476179,-47.302347,81.452658,60.626221,14.168308,34.300658,0.000000,
-75.186910,65.566096,-98.195236,-59.878161,-24.570772,72.123281,4.000000,
-63.949534,86.375075,13.098832,-14.160398,51.988121,-80.448736,2.000000,
-36.784723,32.247349,-54.198793,75.881338,-77.978686,-61.371796,0.000000,
14.093361,-86.880112,-54.660785,61.876845,79.386005,-48.909497,1.000000,
-88.103107,-25.629645,-44.725621,-72.659211,-4.140681,33.896174,4.000000,
46.194096,78.366470,-35.691301,-95.781780,-33.997047,42.924765,4.000000,
3.100752,-20.877968,-65.207105,5.340064,60.508921,-73.875327,1.000000,
-12.271925,78.331931,61.637933,99.195677,-90.326935,-97.579502,0.000000,
-90.161032,26.993205,-96.541891,71.919329,53.846285,72.743876,1.000000,
-90.166403,-80.393881,87.943399,12.246189,-89.188322,71.672848,0.000000,
86.066657,77.004933,-6.684687,-0.197765,-29.522580,-49.732430,3.000000,
-68.121714,8.502423,-32.249789,-74.539872,-45.438591,50.092234,4.000000,
-91.780687,60.362925,8.412958,-29.018471,50.118513,-57.950247,2.000000,
-1.982904,-42.410389,-65.277679,97.431947,-38.068009,-43.478913,1.000000,
-89.291341,-3.043968,5.808224,66.183622,56.218439,85.227125,0.000000,
5.799075,-72.977893,-39.628195,91.957825,-33.720943,-66.371589,1.000000,
25.796330,-91.506712,-32.372678,64.931060,-86.002283,-64.889744,1.000000,
-85.744970,-82.521722,-55.137670,-15.706544,-51.454306,31.373552,0.000000,
-60.856819,-13.486951,-83.574513,72.484107,-1.884577,81.751068,0.000000,
-13.680286,99.276851,41.810913,-36.242070,71.020792,-39.686434,2.000000,
-14.830248,-65.070851,-59.208046,-4.698473,74.471512,81.915223,1.000000,
-14.654236,10.085787,79.130117,17.826521,79.770106,46.551936,2.000000,
-58.072686,69.633336,-87.751881,73.921556,-16.215349,-64.965249,1.000000,
44.631828,-73.415247,-82.911101,92.412240,88.832409,26.082116,1.000000,
-0.674750,-55.013431,-78.092342,37.904566,64.717572,-76.691906,1.000000,
22.320190,-92.719682,-58.238713,5.160878,19.338128,48.798547,1.000000,
-42.109708,-10.862082,62.028295,-74.142280,7.264177,74.155256,0.000000,
11.462127,59.178349,-99.887578,-65.897252,48.434739,33.429605,4.000000,
-9.821862,-38.624191,24.220775,-67.318478,-20.298671,-19.567726,4.000000,
-68.725867,55.614273,-19.506169,-98.886065,48.836440,51.886443,4.000000,
77.091903,26.528123,2.975062,84.393751,-70.913164,25.700903,3.000000,
-97.760175,43.632291,28.098754,38.163511,98.716798,-25.818399,2.000000,
96.827904,14.952236,33.273151,-0.185792,87.701825,-96.565555,3.000000,
4.577721,38.605580,-35.198016,84.626420,23.293800,-99.913643,3.000000,
-78.982916,13.095455,50.607795,-65.661675,-47.522198,-19.427453,0.000000,
-23.314927,-84.742879,-54.855985,-12.098301,39.220218,88.601060,4.000000,
33.013032,82.748754,90.630622,-64.298573,-30.934216,61.941508,2.000000,
35.511607,-55.073828,28.473821,9.475383,77.433596,-97.606815,3.000000,
93.091907,-67.450226,-15.460380,40.589385,-14.559961,-37.101573,3.000000,
-54.895728,-89.770721,74.334468,24.727930,23.493399,80.222729,0.000000,
-89.790028,-32.179910,-85.310000,63.446958,-21.217137,-78.807756,1.000000,
76.706493,43.742993,8.927807,-7.802388,-65.924486,33.355416,4.000000,
29.529686,80.526544,70.748972,-16.429935,-33.494706,59.068986,2.000000,
10.605553,-87.940810,4.479975,-41.816054,-59.875879,-66.770190,1.000000,
51.564308,76.795567,-77.892360,12.110982,14.201269,83.989377,4.000000,
63.814552,93.418104,81.239565,-19.209031,-69.039225,64.789687,0.000000,
37.231266,-14.868277,94.277922,23.608740,-35.674910,-32.764297,0.000000,
13.788769,8.342848,78.943186,89.627765,-21.957889,-2.747704,0.000000,
-27.649244,-23.755238,-86.546062,40.938184,8.247201,-29.448357,1.000000,
-11.989596,-97.529095,53.308499,53.743116,-5.922788,76.832706,0.000000,
-7.458841,-97.326091,35.906515,86.448815,-60.582047,-85.205299,0.000000,
32.230300,70.160292,-3.438469,-93.889172,-4.525283,46.346447,4.000000,
23.993472,8.219003,-27.997133,-96.243526,4.915757,40.736171,4.000000,
81.631407,98.060156,-78.994153,-12.579074,38.310912,-28.876592,3.000000,
31.811087,35.173929,16.493245,-35.293214,-50.742677,60.099167,4.000000,
14.900019,-83.768393,-37.627243,-81.431020,55.468304,-21.358222,1.000000,
-28.236308,4.486220,66.402657,-14.119160,-63.141969,-27.442200,0.000000,
17.942300,-90.276897,79.987216,72.742924,-24.236919,63.344529,0.000000,
17.012947,18.196773,44.438342,-65.270984,-0.547769,-9.782781,2.000000,
42.566199,-0.916396,-4.817061,-60.445904,-18.441568,30.550196,4.000000,
64.300553,-70.251453,69.995441,-73.326825,85.228051,-94.329387,3.000000,
-47.492838,76.319417,84.524572,-43.222586,18.903772,-73.793662,2.000000,
-23.813918,-37.037948,36.537778,85.068442,41.534902,69.129352,0.000000,
-97.385268,65.872943,6.823117,43.999628,-50.645575,-15.563972,0.000000,
-11.944912,38.183960,-3.240374,-33.523209,59.055670,-77.932552,3.000000,
-14.415974,-24.216519,-67.690012,39.115236,90.695024,88.639684,1.000000,
73.032347,-57.688213,-28.945536,-14.950060,85.577947,-78.854885,3.000000,
-8.044777,-61.621598,-9.337727,41.848795,-36.178042,99.526845,0.000000,
-80.654173,63.504628,3.525425,-52.743165,18.952243,-17.546940,2.000000,
71.092535,-94.458689,-43.174549,-50.671173,-27.391759,-98.835984,1.000000,
-72.813303,-29.318810,-78.088995,-8.805572,51.717422,76.291035,4.000000,
-83.958959,-5.711769,98.270192,-39.968253,93.953780,-29.457226,2.000000,
96.590510,73.439179,-68.497471,42.734024,51.528428,76.298764,3.000000,
52.741677,-92.234973,-71.516518,-58.622848,-4.768544,88.766034,4.000000,
-40.675686,31.004918,-96.427540,-55.694683,2.547791,-26.141032,4.000000,
-97.675636,-6.194732,-89.391719,26.672080,29.402228,-31.849272,1.000000,
19.415759,71.553387,-9.818802,-79.048300,-17.054831,-46.633004,4.000000,
72.058015,80.245074,35.245487,-47.963734,-82.910296,49.958048,0.000000,
-14.116559,-62.359106,69.628520,-3.670084,45.498062,17.164946,2.000000,
-46.434767,-77.978863,-90.748106,-86.204992,-72.766801,19.778332,4.000000,
39.454943,95.490708,-75.813447,-91.678620,78.870468,-70.140460,1.000000,
76.749572,-11.830657,80.812358,-32.125042,-78.303831,-20.632573,0.000000,
-1.661850,-61.379091,24.431892,21.480616,-28.475103,-72.984058,3.000000,
87.678618,-73.152752,77.330213,-90.378775,-3.000818,-77.178316,3.000000,
57.628400,-87.706371,-77.191711,49.465884,46.127562,24.470466,1.000000,
44.153795,76.817833,69.529613,-96.576389,97.551897,2.764189,2.000000,
-84.936302,-41.365710,33.787815,52.152479,31.454027,51.272210,0.000000,
22.641153,45.898368,36.763761,-51.562269,70.694680,37.659803,2.000000,
37.588465,73.915400,40.828765,37.641101,3.411614,-47.337928,3.000000,
15.791292,50.881883,-86.619735,24.473145,67.075470,-4.498838,1.000000,
18.601764,73.403159,-77.168052,35.770384,-68.906929,45.140501,4.000000,
-7.931384,97.455985,-88.238611,-74.186697,-46.546089,-30.355145,4.000000,
-89.214735,-69.664617,-15.985060,10.437461,-91.351263,31.170181,0.000000,
-6.721590,93.831544,-15.053397,29.411796,-59.560623,81.956799,0.000000,
-68.325320,68.869736,17.962544,96.184828,27.899760,-8.553469,0.000000,
23.629506,-97.181329,56.052436,-21.297565,-65.220890,-0.848947,0.000000,
49.311504,-33.605689,-17.936526,99.273986,-33.483871,83.978371,0.000000,
-66.040841,-67.673453,-20.698464,-10.200406,-99.488160,12.697624,0.000000,
7.165490,-50.947792,74.182346,-33.683888,-50.114307,-53.043254,0.000000,
87.380770,-83.709271,-96.494905,4.321568,78.485835,-86.129477,1.000000,
-64.955813,74.359086,-9.229418,82.202590,6.813138,-22.902513,0.000000,
48.582818,22.987949,79.117133,-3.144141,-79.266712,7.351697,0.000000,
-74.951054,-2.430533,81.704408,86.660174,13.995645,38.154124,0.000000,
60.283140,-31.845597,-88.585401,61.981062,54.029402,-49.405346,1.000000,
-38.449160,34.039734,87.732925,-1.305925,95.734445,-6.565117,2.000000,
-10.030322,-30.381317,-82.842246,17.895000,-72.729142,85.010517,4.000000,
3.174164,69.468868,22.933450,29.699307,66.657750,82.873352,2.000000,
97.597802,-60.012135,-94.621497,63.850322,-23.870541,-86.342431,1.000000,
84.397976,-33.293498,-12.620275,-85.414733,-4.540413,11.513647,4.000000,
90.274334,89.605815,-58.781182,-32.527814,-22.854048,12.111097,4.000000,
3.614917,-8.851322,-42.174253,-94.668548,-23.388019,76.643436,4.000000,
53.873290,-49.627883,38.745151,13.859172,29.113513,-39.313794,3.000000,
82.503816,33.444658,-84.934255,69.141234,-42.277592,-83.611173,3.000000,
-86.585785,10.802328,47.293613,3.155420,-60.582815,39.320057,0.000000,
-54.249200,-85.687409,10.552413,59.275249,97.714499,-88.775786,1.000000,
25.481287,29.523051,-22.631888,-10.715788,-2.412360,84.679609,4.000000,
62.765497,-20.068891,-1.906196,39.786057,33.736018,-61.469928,3.000000,
35.427081,58.777117,-33.891551,20.604070,-42.290760,19.956005,4.000000,
-45.143592,36.014389,23.114625,72.813945,51.475692,21.641909,2.000000,
-61.877576,-2.691692,13.302529,25.473252,59.872973,66.734480,2.000000,
-52.154565,-2.169282,62.762961,92.505605,-40.227155,-39.188262,0.000000,
-32.200219,76.299308,5.795228,-73.123041,-38.156010,59.752265,0.000000,
12.122521,-10.279628,-56.163277,53.190270,19.406480,79.222631,4.000000,
92.707938,-4.270034,-93.177867,32.384492,70.695520,54.420510,1.000000,
8.239623,-50.476347,-60.512453,-48.202631,41.118733,-31.891821,1.000000,
-85.061834,18.239799,66.387447,95.030680,-71.087614,-24.877329,0.000000,
-25.773973,9.916094,91.925503,-98.388560,-20.274347,-90.904856,2.000000,
-35.904530,-14.440621,22.378102,76.449314,-88.297319,-7.157756,0.000000,
89.081519,-76.560489,-29.158679,-13.985781,-19.562338,30.097672,4.000000,
19.427640,54.911193,-24.103572,-9.265240,57.112393,-61.326329,3.000000,
-72.496096,16.963035,-22.360416,-35.412442,-36.685791,-62.214486,0.000000,
-43.977177,-92.076234,2.102809,84.875225,-13.353849,1.529943,0.000000,
-96.516124,-56.823740,-48.926499,52.764922,91.510811,-31.283445,1.000000,
94.298297,88.180993,42.774073,-32.543898,22.007719,87.208543,2.000000,
27.593751,-82.768546,19.034375,28.624080,-69.006269,-24.973269,0.000000,
16.379320,-52.447268,-10.610732,70.141955,30.951620,-83.366667,3.000000,
-59.466837,-79.787820,-82.843945,7.985288,54.292676,-55.845400,1.000000,
-87.240384,82.311703,-36.480070,-13.331112,-93.005641,-41.403624,0.000000,
-64.333799,-77.956658,37.704123,54.846053,-98.043248,-76.449543,0.000000,
-53.654580,-6.705867,-58.445918,-46.753437,-75.188504,89.761959,4.000000,
74.501556,-23.047310,-43.641573,-73.737708,-4.965500,11.268093,4.000000,
35.889642,6.504241,93.536194,32.124964,-90.893395,-63.248936,0.000000,
-62.179205,-13.206026,40.888944,31.774405,-89.542473,30.827459,0.000000,
-70.397803,0.704185,42.910516,-8.151014,79.232696,-93.162836,2.000000,
-91.349530,-17.532768,4.449590,86.800058,-46.420302,97.177913,0.000000,
83.808083,44.954679,70.001918,58.531602,-89.114647,74.414980,0.000000,
50.567192,77.135357,16.671759,-67.920645,81.824705,58.705089,2.000000,
-41.735683,17.395626,41.397698,4.532606,-19.753808,-87.034673,0.000000,
70.880515,-65.758443,-43.613425,-20.762459,-71.823107,29.398055,4.000000,
-58.606777,-93.080703,-86.072005,92.770251,-53.014249,-27.728622,1.000000,
26.112279,51.095443,-12.774678,20.040943,-70.396935,-67.453491,0.000000,
78.274255,-70.464545,92.406078,-72.403992,28.759194,-56.700098,3.000000,
-27.497298,-59.731527,46.994456,64.637568,-78.587540,-18.811280,0.000000,
-39.401370,41.969216,32.062150,-99.678166,53.743862,62.539592,2.000000,
-13.872240,-13.056074,-14.720588,36.913509,14.276398,93.425106,4.000000,
50.409160,98.290575,65.700252,29.757145,-76.290124,51.793501,0.000000,
-20.424527,-81.238403,74.814470,-91.546532,-29.546528,28.391400,0.000000,
9.942675,41.726739,-97.985985,88.691279,-65.003233,-96.843727,1.000000,
12.257559,1.692870,-51.250320,83.171131,27.739297,-18.083047,3.000000,
45.430936,-60.202299,-58.625757,67.282887,-20.418040,-64.284896,1.000000,
-32.866159,-99.988426,-38.464885,34.653313,30.502876,-46.528458,1.000000,
-45.672651,58.751755,23.368102,-69.742680,21.382006,22.797131,2.000000,
10.109909,-33.559961,46.060151,38.718456,63.210959,8.837599,3.000000,
7.379674,-64.180870,-3.702853,71.356480,50.252399,67.947636,3.000000,
-92.156006,22.119258,-84.186280,32.991978,-67.568622,-83.053044,0.000000,
88.784830,51.429100,87.465774,56.407868,89.590135,49.964828,3.000000,
-31.980300,48.797959,34.680349,93.157883,42.401086,72.302723,2.000000,
29.169291,-94.363353,-94.180001,54.633912,39.508373,-68.387108,1.000000,
-50.677878,-71.650595,-22.827487,-15.369723,-68.436229,-50.971182,0.000000,
-17.800886,44.114335,-93.977081,-54.946223,49.629014,98.565142,4.000000,
-39.743295,-51.288542,-43.916338,-69.924893,54.789807,8.321184,1.000000,
-58.531343,-39.082219,9.072574,23.428860,67.809932,-97.037482,1.000000,
67.194858,-19.869768,56.241934,49.861941,-68.196470,48.670113,0.000000,
33.606485,19.280613,9.287198,-58.595237,88.650620,35.880738,2.000000,
94.515871,-43.689905,-64.628921,-40.342841,-39.033370,-12.790713,4.000000,
-71.214521,-65.710607,-35.266343,-83.058162,-26.828814,8.865588,4.000000,
-58.578145,7.201867,-20.140605,31.967592,99.753458,-98.980300,1.000000,
-34.760128,-95.551894,-64.917171,93.924580,-53.864495,-50.046242,1.000000,
-6.201382,78.084382,-95.287911,-8.532119,30.753104,11.903006,4.000000,
51.586993,85.851657,-54.061703,69.736260,7.242193,90.658054,4.000000,
46.271384,24.684454,92.713644,37.665716,20.278280,-28.024744,3.000000,
65.516324,84.013364,-14.815618,-88.652087,-84.665377,-10.113435,4.000000,
86.387358,-15.828688,32.326554,-19.470224,-85.974021,-32.903756,3.000000,
67.478891,-50.370596,-14.950365,-75.311359,12.763414,-63.747024,1.000000,
-4.202719,-31.421177,87.018479,-41.044231,-43.351897,-80.408634,0.000000,
-5.273679,-30.903179,72.162313,12.880166,-79.071478,37.636378,0.000000,
-38.849503,35.367916,29.298636,92.832334,61.844908,34.608658,2.000000,
-85.544443,-14.402142,24.712946,82.969833,-63.493781,85.419744,0.000000,
6.573855,29.911602,-18.251600,-15.912403,-38.901476,50.573372,4.000000,
-51.865483,74.317167,83.521516,53.587554,-74.788435,-98.708521,0.000000,
85.993618,80.015184,-2.835428,42.476487,67.234334,24.549836,3.000000,
-13.563613,-85.964515,-11.050122,-37.623565,15.309409,-29.307468,1.000000,
-90.118925,9.366543,91.495111,-50.515579,34.755624,44.046980,0.000000,
92.623386,6.734163,59.189314,56.239525,-54.869884,-98.897984,3.000000,
-57.653585,51.848193,82.747133,-92.800736,-94.145785,-46.609256,0.000000,
-79.800046,-78.667065,-18.462377,-39.450112,67.675857,64.358494,1.000000,
14.987491,47.944032,-26.808779,93.985725,81.283107,-78.007287,3.000000,
-77.643743,9.011859,-11.814975,75.590704,-93.900604,-24.016206,0.000000,
88.630304,11.935198,29.683362,-54.450402,95.822298,6.783262,3.000000,
-56.630153,28.158900,-9.660166,-63.765494,73.219218,86.672239,4.000000,
94.462817,81.625964,-7.687253,9.108354,-76.442033,5.767768,3.000000,
-9.664421,-33.197015,78.969795,3.445973,-71.079140,-7.348382,0.000000,
-34.579743,83.701063,-71.633989,86.743569,46.104903,94.458771,4.000000,
8.523522,64.333454,61.816738,61.528814,46.509381,-45.395681,3.000000,
-57.754818,-92.343876,13.319751,93.509913,-67.190861,-83.357812,0.000000,
4.437154,-39.785053,60.188696,-9.830288,-67.114170,-62.707531,0.000000,
-94.095524,14.544573,-57.101296,-54.623483,44.915298,63.263887,4.000000,
8.699007,-55.300501,85.360474,91.984266,-86.329272,-32.439108,0.000000,
-65.822456,-92.251491,68.437985,-24.620618,-81.423054,-97.377337,0.000000,
-11.992213,-94.950937,-88.045427,-9.907931,-63.270328,29.073002,4.000000,
2.516730,50.657834,52.377852,-55.503859,-36.923956,-86.590717,2.000000,
78.967735,83.417772,-33.002704,-65.666995,-56.451664,-60.429632,4.000000,
-76.892699,76.227412,-27.292489,37.667880,25.686451,94.429986,0.000000,
37.720878,1.762666,80.182508,43.434933,-95.183121,-37.034393,0.000000,
32.674625,-4.328294,15.533381,48.777959,25.150274,8.690791,3.000000,
99.250561,62.720918,-73.572294,6.461221,-52.251513,-57.884659,3.000000,
20.429056,97.613042,87.514693,-69.161320,97.350989,45.085487,2.000000,
18.591450,49.509935,4.573519,48.742208,68.030429,99.129973,2.000000,
-88.262004,4.688793,-72.576785,52.454598,71.717002,-74.348264,1.000000,
98.502453,97.666233,-84.272055,-61.393583,28.353733,-53.325032,3.000000,
-16.825158,-1.007315,17.355793,-51.074635,-50.668054,95.317669,0.000000,
18.675313,31.092284,56.897877,37.206500,-27.759303,70.262996,0.000000,
-47.763875,79.279362,-47.129694,91.244154,-54.509567,-55.071360,0.000000,
59.115990,39.895489,9.211130,86.190549,55.117409,31.099128,3.000000,
13.270054,-79.096087,67.568252,25.060962,39.519460,-81.053181,3.000000,
-75.655416,31.753885,15.629918,-97.734473,-38.996892,-73.500112,0.000000,
39.549265,1.248335,12.779139,-32.670007,99.034698,19.448616,3.000000,
-88.885908,31.848884,-26.802352,-2.081671,5.352893,36.885242,0.000000,
-77.593539,21.492277,3.903678,-31.890081,-86.485595,44.896580,0.000000,
-39.218625,2.933869,11.061372,-98.574711,34.953856,-5.668909,4.000000,
-39.739262,23.214365,42.377421,-20.109693,-76.446464,-91.441529,0.000000,
-48.992324,-48.110396,-95.283383,44.172485,23.209168,-87.790893,1.000000,
-97.797369,-39.886173,65.391220,-68.285616,94.644546,48.613510,2.000000,
75.344650,88.750724,-87.180310,-12.854643,74.996211,-23.127867,3.000000,
-94.950841,99.689547,77.719110,34.899712,-90.188880,12.194307,0.000000,
62.563663,-23.123108,67.968202,45.468424,-2.461466,-9.575140,3.000000,
97.695013,80.183792,-28.254797,-82.068129,92.525472,-19.913803,3.000000,
60.205396,-68.146416,-68.493898,77.694769,-94.181330,19.823330,4.000000,
31.741531,95.460865,41.162345,60.188361,-1.289132,44.298662,2.000000,
-88.453114,-6.236879,94.089010,-45.033147,-90.516253,-7.679344,0.000000,
-7.988287,-41.323614,-62.080511,-76.623052,27.872698,34.131290,4.000000,
-39.301581,64.284083,-23.944155,1.296324,-9.006070,64.750912,0.000000,
-84.790412,-52.952535,-19.851123,20.648858,-8.726408,34.623093,0.000000,
34.370811,26.419769,54.885738,19.325309,24.460217,87.759360,2.000000,
21.226696,-3.389499,-57.876040,3.871932,-27.632658,21.262568,4.000000,
50.777969,72.624189,-4.750182,24.397261,-70.979450,50.928471,0.000000,
1.673314,-6.635211,9.873348,-97.951610,86.555320,-93.302553,1.000000,
42.084623,-7.377347,-4.539158,-68.367368,47.978394,33.584663,4.000000,
-4.152455,-67.057344,47.549535,-6.980104,69.263614,-97.276461,3.000000,
-7.100557,23.790468,-2.861568,91.467315,52.393240,96.715127,2.000000,
-17.633924,-84.382769,-79.698550,-76.194951,16.032126,-92.929806,1.000000,
-88.276088,-24.918014,33.030224,-1.265868,-18.773274,-28.232541,0.000000,
88.026880,-74.138896,-32.703915,-83.476611,-30.199834,-14.124177,4.000000,
34.781333,-99.728932,-37.200179,96.238679,-89.421376,10.335112,0.000000,
-46.699467,36.170556,31.756218,-16.886679,-3.625874,-35.750548,0.000000,
-97.049273,94.024035,-20.337411,21.345756,64.494611,-3.580821,2.000000,
-9.690470,-78.071209,-60.703899,49.427077,74.867167,25.436257,1.000000,
-45.967990,2.681605,-44.057138,88.489924,65.170187,0.482905,1.000000,
77.404214,40.299517,90.937559,-49.882780,32.202931,-82.383078,3.000000,
73.765774,-49.756115,-99.283727,-22.496589,-8.420594,-44.018515,1.000000,
-39.071684,-75.004483,32.733859,-1.349031,-12.576280,4.081001,0.000000,
-60.894241,76.357136,86.432288,27.765666,-33.931756,76.492420,0.000000,
-87.418952,41.508995,-79.456655,88.296486,-22.782672,-62.992538,0.000000,
18.273441,53.256974,-32.258557,44.010426,75.327242,-40.973698,3.000000,
-7.732136,67.527582,16.877744,56.768889,-59.749821,44.338193,0.000000,
-91.830698,62.796884,35.817317,-14.004343,33.184085,-88.113109,2.000000,
57.193713,33.070211,-30.767781,64.987732,53.785625,-85.107652,3.000000,
70.017799,69.856682,-81.518058,-20.287409,35.669495,-55.449134,3.000000,
-39.770713,45.203817,-42.802490,14.920603,-27.641583,-86.629277,1.000000,
-97.314092,-3.816829,-97.154630,84.780169,88.175267,-96.266584,1.000000,
77.730760,18.763481,19.299971,-98.861200,22.714209,-80.894758,3.000000,
30.936918,6.572081,36.980803,89.687050,44.862862,-14.824939,3.000000,
17.554636,20.721276,73.105943,-52.863978,-81.900552,41.188050,0.000000,
68.246453,-27.369188,-64.151136,-35.336141,76.175070,-72.290571,1.000000,
1.296702,66.161120,88.686496,75.473538,2.485671,1.075737,2.000000,
-81.968868,6.237367,-84.658434,95.047602,3.097366,40.313082,0.000000,
-59.387127,61.020834,-6.922125,-49.605204,-22.948090,-74.138913,0.000000,
-20.706147,85.662305,94.839426,74.896288,-79.719605,-34.414448,0.000000,
45.807474,-6.252857,-39.274135,94.706643,-80.837663,18.148903,0.000000,
49.001057,74.750347,-35.488037,-23.720365,-9.844721,51.985705,4.000000,
85.498294,-10.615641,9.927591,-85.351677,-76.429614,84.663029,4.000000,
80.757787,-48.546102,-93.157265,-13.846307,83.120188,-99.616926,1.000000,
12.189827,-81.376278,56.046610,29.180089,50.237454,39.888786,3.000000,
-13.259018,-15.424638,92.261034,-42.745318,48.261044,26.141520,2.000000,
82.052499,30.219778,47.615823,21.062548,54.857864,-40.829537,3.000000,
-85.616143,65.673801,-7.326392,-71.577990,76.504578,-84.853905,2.000000,
-91.173491,38.105178,-5.706091,93.679181,-79.159531,-37.527100,0.000000,
-50.947396,2.024306,9.850375,32.720106,-81.659244,18.442784,0.000000,
-68.634319,96.253464,-64.157735,28.167007,-69.406396,-53.771412,0.000000,
1.851030,37.550893,35.961148,67.120317,71.185060,43.019988,2.000000,
63.080474,72.003034,96.344031,11.351975,-94.483872,59.479259,0.000000,
71.246278,-75.161000,-76.998683,74.774206,-63.335293,-80.236102,1.000000,
26.224275,58.865493,-53.514693,-25.234148,-13.252811,-46.200723,1.000000,
3.618167,-13.642752,-62.349798,0.262463,50.919714,41.268773,1.000000,
33.147367,-1.873321,39.549406,76.400346,50.582686,75.885534,3.000000,
-83.836631,-58.476524,75.898591,73.079556,-66.092785,15.031395,0.000000,
-31.315293,-95.879555,-59.916934,16.736255,-66.902491,-65.426446,1.000000,
-73.070865,98.185365,15.706705,40.674769,-49.772200,27.479611,0.000000,
-52.227894,-23.125248,-98.149650,-99.741246,-35.262324,-14.723299,4.000000,
-39.795126,-43.846093,63.657253,20.541917,-8.604583,-80.403861,0.000000,
0.434684,-88.996978,20.555361,50.682858,73.968821,68.342041,3.000000,
51.111454,-64.266093,-34.001470,54.199954,77.783535,54.874698,3.000000,
-51.779198,75.509090,-37.062119,-62.169279,87.403530,56.402097,4.000000,
45.119691,40.795881,21.894091,58.354361,24.005269,82.417703,2.000000,
-92.972225,-34.583581,85.575002,61.740216,-32.102680,86.472491,0.000000,
68.473576,-24.561825,-50.126056,13.187039,70.238153,14.684205,3.000000,
-55.710783,26.381459,-55.096562,-52.533042,2.873156,-82.531661,1.000000,
38.990845,-69.511952,93.700074,73.278219,51.053035,34.715404,3.000000,
-83.084500,40.054637,-86.073832,-64.753101,67.655912,-27.437284,1.000000,
-26.516033,46.187568,51.638788,21.545483,-55.408576,-94.517528,0.000000,
25.916764,18.810777,-26.795212,-50.123705,-47.390087,-43.830085,4.000000,
9.809970,-26.674948,83.218488,23.749809,99.108733,26.984042,3.000000,
87.527972,8.920374,2.237679,1.440817,8.561434,-40.294446,3.000000,
81.682347,28.451031,73.503135,96.666835,-86.099857,69.561852,0.000000,
9.881209,-81.724396,33.579850,-24.506666,-71.998358,-62.999752,0.000000,
13.332834,-52.832192,-98.825720,44.664323,58.947523,-2.890566,1.000000,
-7.662239,-6.691302,5.360294,-11.417525,8.654780,2.396991,2.000000,
79.472573,68.493625,-3.647396,96.280601,-48.312985,97.717331,0.000000,
48.988271,-8.267191,60.359672,67.751018,8.108286,-3.885916,3.000000,
84.785996,74.862101,-50.607745,-21.539056,-71.394431,13.689474,4.000000,
-9.774225,15.396916,-76.554929,95.394268,-4.242054,-17.380526,1.000000,
-4.604339,-10.681154,63.454808,-90.865382,40.069290,55.864012,2.000000,
60.784951,10.406472,27.883328,-85.897979,77.101336,71.104640,2.000000,
46.065110,-67.687808,-15.282818,28.956814,67.955726,89.295210,1.000000,
-64.116067,-12.094440,-2.105037,80.211576,-83.222392,-64.673428,0.000000,
-90.279537,-26.778834,59.999717,42.323941,-48.429449,20.676384,0.000000,
31.610380,-15.530773,-48.413505,-82.778664,-61.678206,53.682618,4.000000,
17.396319,23.150703,69.013567,-73.557223,-62.057355,52.019754,0.000000,
7.563673,96.581255,-98.424654,26.895288,-97.030318,-28.491908,4.000000,
30.822290,-12.309737,-84.572787,-99.071114,30.004584,-74.569098,1.000000,
-75.488835,-96.543785,-20.909128,-24.905348,-8.921321,57.077398,0.000000,
60.771868,36.122889,-22.205933,6.475322,94.059977,27.962193,3.000000,
-62.521249,-29.955729,45.224923,-49.015262,74.009181,-87.642399,1.000000,
29.055628,-83.839588,-67.661653,-88.620071,-93.669060,-7.724808,4.000000,
13.961525,-43.616759,56.385852,40.067643,69.251286,28.338036,3.000000,
-49.741294,35.651786,94.425054,-64.503685,-12.386196,87.595803,0.000000,
27.823840,-4.973642,-28.420520,-15.722551,-70.762518,-35.416362,4.000000,
-1.907101,-77.166419,-42.109393,51.425489,65.255414,-34.362913,1.000000,
-78.924430,-80.405563,89.123563,85.373295,43.921624,-57.813899,0.000000,
66.081579,-0.948085,-70.138865,-96.351846,-69.986702,90.462867,4.000000,
96.884062,56.534470,91.599499,-38.445255,-87.321829,-39.536455,2.000000,
32.300805,70.472550,-71.971758,91.307117,-56.061356,26.285005,0.000000,
37.976875,38.909616,-22.428393,97.797267,-87.391579,-69.204694,0.000000,
55.649526,96.918326,63.769906,-41.999655,18.066236,47.889937,2.000000,
-67.703435,-50.088877,11.658462,-19.881639,93.619286,-96.634856,1.000000,
-21.980535,-64.422684,90.263985,83.092336,53.246365,41.009140,0.000000,
26.392201,52.724287,60.274050,-58.155854,-91.321633,-83.100858,0.000000,
79.600063,-79.871595,58.834115,-42.150878,-7.252698,58.184362,4.000000,
3.826321,-93.770139,89.761758,-34.043897,94.865959,12.763889,3.000000,
54.014609,-66.690153,-80.268336,-16.441887,-80.237349,-51.577468,1.000000,
35.958562,87.980426,-53.590618,55.070207,56.088693,-47.649263,3.000000,
66.846511,95.756263,18.393875,79.041350,84.978160,53.581482,3.000000,
-66.293120,30.803735,-20.369452,35.140346,-68.200748,-33.309640,0.000000,
67.261814,17.351876,12.724279,-75.884995,95.857498,98.197622,4.000000,
8.377934,-76.271169,86.153023,-76.101209,97.172873,67.446295,2.000000,
40.405619,-92.193624,-85.879608,-52.288286,-48.008356,31.177987,4.000000,
1.034428,-64.487246,46.073764,76.207091,49.032069,-52.076746,3.000000,
93.063828,91.293072,56.550042,16.604617,-66.617382,-59.487563,3.000000,
28.728835,-51.546171,-16.118625,71.918436,93.456295,60.509176,3.000000,
56.562851,41.169395,97.759098,35.500189,49.323041,-64.596135,3.000000,
-3.833572,-27.689344,0.293252,-25.026882,88.364475,-38.923960,1.000000,
81.810414,80.167490,-75.472183,23.113165,-74.235585,-90.234781,3.000000,
45.492604,57.375795,-46.035888,45.181894,-32.719847,-63.892077,3.000000,
-70.906566,-69.148862,-9.599066,35.705391,69.715936,-98.679110,1.000000,
-66.194222,91.709308,91.688279,-31.867959,47.578444,51.509091,2.000000,
35.397439,-61.091410,45.930563,-22.209867,-30.428490,10.641731,0.000000,
77.891174,8.392122,-28.678166,79.776632,22.880848,-97.277969,3.000000,
-20.984696,-4.351126,36.484539,39.099847,41.370961,-29.890106,3.000000,
-14.720373,81.757991,-13.682968,9.927661,-14.463860,-86.412670,3.000000,
18.721393,-21.613707,75.706632,-18.153449,5.018695,9.900495,2.000000,
-43.152699,-80.292613,-93.440180,-47.496082,3.184492,-29.184382,1.000000,
23.434953,56.837537,47.848986,-94.414355,56.029875,-86.590985,2.000000,
-65.095263,-2.890642,-85.224285,16.380291,-7.641289,63.231236,4.000000,
89.193459,-71.745369,6.951454,-3.734352,60.995045,-49.093958,3.000000,
-60.246038,-85.723572,27.980108,-89.844117,29.054790,-13.128880,1.000000,
-55.080196,86.764370,-29.859730,53.844598,7.645813,-7.289201,0.000000,
24.895817,9.413302,6.817006,-50.082207,-22.969779,7.720136,4.000000,
89.360861,93.352530,33.868488,10.703998,-55.600669,-96.197933,3.000000,
33.850752,-46.541002,22.373519,6.521067,-84.985497,-86.803116,0.000000,
-13.791019,-97.126131,42.372421,65.537868,7.941887,64.015502,0.000000,
-31.483290,7.007970,82.153224,92.384445,-0.694569,74.186466,0.000000,
1.369176,91.768521,-58.273396,-30.868791,-33.749505,93.030293,4.000000,
33.700161,15.007929,-38.247848,-15.208061,-63.528288,40.840069,4.000000,
87.690917,-98.748736,7.098636,70.277028,-94.787835,-64.512048,3.000000,
-60.281899,20.701079,-27.747732,70.252478,10.789126,-79.791129,1.000000,
-45.571862,-90.126754,-53.981048,-77.918564,51.415311,45.536584,1.000000,
-64.614384,34.997319,97.262115,-98.379830,46.971117,-35.895986,2.000000,
4.211223,-64.685934,-35.611319,58.011336,92.873586,77.585704,1.000000,
44.792553,-89.658659,72.885557,-92.052204,-84.014773,-12.614290,0.000000,
-81.665906,-21.254093,45.788690,-67.254776,-11.649802,-42.576149,0.000000,
45.212967,-40.768992,6.999790,-88.991884,49.280238,-84.262170,1.000000,
86.590483,89.419633,93.543626,46.475577,10.793092,83.615442,2.000000,
22.922076,86.927476,-54.542223,-65.946440,-90.408257,77.594752,4.000000,
-32.835069,-22.987942,-60.915955,65.964382,24.253649,-6.800575,1.000000,
74.930656,-54.979889,-90.015807,-35.799712,55.983264,-25.965090,1.000000,
-89.467770,-98.669744,32.817543,22.807548,80.721789,-93.320312,1.000000,
-10.548945,-44.624711,-10.862040,-92.857946,-55.870854,31.177780,4.000000,
0.860220,65.297363,11.823228,71.827564,4.502028,23.345249,2.000000,
61.232354,-51.034424,-84.622275,-99.035305,16.195150,-7.721222,1.000000,
82.226067,60.661988,63.539730,79.164141,53.012289,17.905352,3.000000,
99.444835,61.425690,68.786727,-20.624095,-92.029851,-77.615072,3.000000,
-88.440875,-72.055533,-68.287801,43.161449,-51.444818,-30.885353,0.000000,
-46.392592,15.950150,-51.565690,-99.291707,-80.407650,-41.091122,4.000000,
-13.942326,-10.869706,-35.569331,-95.143344,50.134927,1.915561,1.000000,
-1.167031,-48.071642,88.824404,99.662188,-63.827837,76.929238,0.000000,
-52.772475,87.410268,-18.722399,-24.229595,-24.017252,-21.916405,0.000000,
-68.624755,8.954473,-79.531854,-97.008964,-58.168308,65.055341,4.000000,
53.618256,65.132995,-19.311415,69.015069,44.957220,81.193007,3.000000,
-61.518122,-42.406153,10.638840,15.894423,10.914968,7.693200,0.000000,
83.102039,-1.541849,-74.852626,55.543415,-66.919441,-0.567454,4.000000,
-92.935111,-85.836124,84.286055,3.032524,45.529747,-25.581232,0.000000,
-19.449750,-52.749950,64.386531,48.210646,-26.735577,35.381097,0.000000,
-75.007079,78.848439,23.928128,-95.474442,95.682168,-70.558139,2.000000,
98.083052,-15.979829,-68.106411,18.148302,-54.955646,-96.723584,3.000000,
37.064573,-62.682288,-42.970743,50.047088,-91.862916,-26.639848,0.000000,
30.019007,-7.069012,94.846840,42.836257,-2.650265,63.205483,0.000000,
-21.447163,92.929359,95.415329,19.194264,2.142706,-40.436765,2.000000,
90.036521,-54.365760,74.995691,68.323172,58.910022,-54.755934,3.000000,
-49.357366,29.514223,-64.088233,-98.286813,-93.666231,-89.535791,4.000000,
-21.578235,-0.016948,-99.543452,79.844513,42.748709,37.068945,1.000000,
-48.604494,96.015003,33.555200,6.808098,70.023968,80.479457,2.000000,
-28.729822,-19.617438,-43.478576,-55.819646,-97.745092,-17.414888,0.000000,
10.828602,91.766516,25.245274,-72.999687,30.016430,-73.439808,2.000000,
-92.323376,77.271780,-90.817732,98.541185,93.988347,-4.502921,1.000000,
49.865128,9.717670,-13.328262,-21.990981,76.091474,-9.734230,3.000000,
-85.446097,-25.118009,-66.133085,92.699199,-71.256538,-37.507175,0.000000,
-67.308497,98.724974,-1.169807,-80.133095,-18.514027,4.249640,0.000000,
25.631202,-97.171835,-84.649354,99.624705,-46.261073,-61.602399,1.000000,
43.438276,98.728852,33.951674,-18.887080,15.088669,96.385618,2.000000,
-77.812072,-66.250723,-97.300603,-35.262287,-33.739167,-42.823326,1.000000,
-55.852275,80.059884,-76.157898,-39.579575,65.724323,12.324636,4.000000,
95.851373,26.591383,85.252304,34.896290,-35.099941,-29.896345,3.000000,
-51.050930,3.094321,-26.043010,-15.970331,-94.207246,-90.936825,0.000000,
-96.597003,-29.706094,44.261258,-16.228527,62.596786,81.721350,0.000000,
-70.559524,-71.492660,59.028991,-35.604469,56.708469,-74.611412,1.000000,
-60.257631,-91.194440,91.588057,-15.347433,16.886695,8.331026,0.000000,
50.862780,-31.054154,-15.178154,-20.642579,-68.187256,-13.946040,4.000000,
-54.756664,-82.140748,35.038829,-73.401536,3.038633,-66.698978,1.000000,
56.901842,-74.306962,91.125153,90.070269,-25.008695,-28.301000,3.000000,
54.657563,-81.562848,-55.822855,-78.462194,-66.078951,25.136196,4.000000,
67.439393,-9.865142,34.630653,61.937935,69.253016,88.987000,3.000000,
-37.038471,-67.650977,99.636356,21.999589,-54.400143,94.353311,0.000000,
52.858670,56.215874,-70.193085,52.132831,29.191419,-15.670227,3.000000,
-48.085636,-80.166510,51.046910,-56.355542,-79.558957,-83.672714,0.000000,
5.312839,71.427949,-41.963777,-89.023929,32.389795,80.109530,4.000000,
-21.176325,19.568648,58.255497,-79.520400,16.518785,-26.162212,2.000000,
26.582361,-54.239223,32.190626,57.103142,-97.650519,12.695016,0.000000,
83.448074,-85.436332,-18.719588,-54.706512,41.223671,80.075912,4.000000,
87.546688,-32.956569,62.428468,-97.306789,-35.053400,71.185919,4.000000,
37.091782,-50.619902,-56.550978,-63.820393,-8.101236,-7.309177,4.000000,
78.264159,47.119834,18.919254,43.889031,86.250074,-95.098192,3.000000,
68.139185,-18.244097,-23.569839,7.618728,-57.998065,45.767462,4.000000,
65.180187,-49.444730,93.735453,-6.783535,17.340905,-85.837440,3.000000,
-92.606905,-26.745139,-83.193241,-80.194935,26.046294,-69.426069,1.000000,
-85.939225,4.865830,-6.104323,70.334058,40.030159,-8.337691,0.000000,
-84.314115,14.821516,-54.231253,-2.039622,75.043095,-52.606446,1.000000,
4.201391,35.951449,-53.920327,82.463966,-32.072573,73.703172,0.000000,
-32.635984,-84.871397,80.857059,-25.794938,-23.281536,26.098344,0.000000,
-89.890889,61.240994,12.921690,-86.544793,-65.274892,70.632452,0.000000,
2.298018,76.342604,-98.385078,30.961766,80.554225,26.482766,1.000000,
34.455208,82.904741,0.966741,81.552361,47.839574,31.003529,3.000000,
37.193281,-69.480231,92.048086,57.040376,-14.522599,-79.464742,3.000000,
-32.283866,9.034302,-0.365974,-8.860555,-63.848600,-0.088751,0.000000,
-53.110232,-64.429734,11.821941,67.312281,56.267821,0.057311,1.000000,
34.829974,-43.974305,-91.353693,-90.013072,42.840500,-4.300167,1.000000,
-35.540761,-44.229458,52.152057,-83.003733,41.785531,87.035156,2.000000,
5.581803,58.808488,-62.636521,24.492264,-77.191262,29.868029,0.000000,
64.340005,41.650873,53.513522,-69.141721,43.339463,-25.174005,3.000000,
31.193056,71.327427,-57.677070,-14.146180,-40.776415,-36.596602,4.000000,
52.173534,73.285917,34.357621,-81.517810,-19.200073,20.584237,2.000000,
19.721515,-65.242140,-27.580710,73.531242,-39.165851,-45.938778,1.000000,
7.620131,-25.154451,58.907482,-99.411146,-27.368374,-45.001370,2.000000,
37.695977,-83.548702,24.954995,96.129030,-42.042257,-21.688571,3.000000,
-34.343559,-59.068435,35.857976,7.132749,56.547123,63.239405,2.000000,
-79.521966,51.851427,-42.137606,-27.391290,-68.036629,-62.987843,0.000000,
21.281207,76.123805,-28.013042,-51.519019,-64.598711,9.475693,4.000000,
21.897444,86.062319,-16.454898,-85.123832,-47.357878,-74.176701,4.000000,
-50.578397,-10.987632,44.708985,-75.691316,-71.689976,-13.251045,0.000000,
77.540804,-28.367889,-81.484702,-70.420462,7.078373,97.360412,4.000000,
-1.165203,-61.822820,79.508398,62.372140,-94.188216,-53.577316,0.000000,
-46.914812,-79.805123,-49.265763,-28.570881,-89.629400,75.126824,0.000000,
-95.391375,-51.325890,-74.979748,-9.388311,76.579243,-59.133208,1.000000,
-39.669494,39.221247,17.387016,72.259671,-29.343193,-53.502063,0.000000,
-61.273107,-66.570455,51.615911,97.770163,43.037680,69.255602,0.000000,
80.506989,-21.738111,-3.488068,88.405852,-49.389448,-18.780880,3.000000,
42.914804,-49.704435,-84.609723,-55.315080,-42.904780,-46.532554,1.000000,
-56.252124,70.798898,97.503400,-69.342806,24.552717,7.073846,2.000000,
-54.390520,-32.316799,53.193643,-60.097507,69.941253,96.316073,2.000000,
-56.938572,95.637929,-68.689021,27.498099,30.244591,-70.098199,1.000000,
82.705022,57.584923,-97.986020,51.403298,-46.898917,44.244186,4.000000,
-68.724825,58.137869,-28.099358,-14.315000,-8.483920,-95.371817,1.000000,
34.076993,7.925916,63.182144,5.229274,-38.826589,80.071521,0.000000,
-7.606724,20.611109,-79.301880,-88.000829,10.222527,-26.417527,4.000000,
96.032620,-54.495516,95.501771,53.565843,-78.429261,62.918973,0.000000,
37.377845,-70.174131,2.303965,-36.662657,92.566277,-21.942567,1.000000,
-73.707296,-5.619143,-40.368631,-14.059113,-65.359737,-47.757333,0.000000,
-19.940675,28.588103,5.014024,-20.092576,-46.175915,47.866351,0.000000,
46.859901,-0.410802,50.111073,50.891857,21.952548,-63.493656,3.000000,
-93.827748,23.043426,48.408597,81.003814,82.317907,7.050964,2.000000,
-22.024712,41.496985,52.393941,-24.923090,24.013222,-70.529879,2.000000,
60.312922,19.123799,17.032451,76.071746,-8.420683,35.789190,3.000000,
-21.120947,-74.812902,5.998762,65.626640,-75.132187,-92.932665,0.000000,
-53.862033,79.274463,-0.873075,-83.480635,-15.301105,20.000747,0.000000,
56.653659,-77.943143,85.507497,21.909320,94.286433,44.852148,3.000000,
-27.506076,-92.658713,-63.612494,-6.255625,29.150497,-64.757840,1.000000,
-13.098748,80.577059,99.515877,81.907938,-3.711943,31.047186,0.000000,
64.263515,70.280506,-47.729817,43.675287,-65.585571,-55.644294,3.000000,
85.885979,-83.073036,48.004573,2.164139,-87.759242,54.737573,0.000000,
57.463748,-87.526498,42.713952,59.143423,-49.115009,77.296603,0.000000,
-84.564142,39.037182,-77.708753,-32.346241,9.652565,9.699621,4.000000,
8.136466,-94.314339,26.309526,12.782459,42.014014,91.650056,4.000000,
32.131193,86.917956,63.203249,-86.085552,-57.896329,-92.376170,2.000000,
-5.522437,-78.949547,95.897411,81.803797,59.987713,10.891449,3.000000,
8.854432,-34.854354,63.045204,-35.581090,87.510016,-5.521484,3.000000,
-72.636906,57.301492,82.959735,56.745211,2.197196,35.919467,0.000000,
-32.935118,19.892377,-36.731261,-2.795439,61.229977,-86.752997,1.000000,
5.012500,83.227805,54.523526,-34.671945,98.809496,-17.206506,2.000000,
54.181694,-16.141026,87.198427,71.129212,67.410710,-48.098288,3.000000,
-52.860192,-73.131495,28.437740,72.083971,70.277999,-91.490519,3.000000,
80.321225,-4.222026,88.355296,13.466920,45.380786,19.958667,3.000000,
-87.815641,18.184063,56.115164,-28.130469,20.252133,61.489676,0.000000,
84.754075,75.788101,-68.774747,-70.255917,92.785320,9.280352,1.000000,
-30.932140,49.647887,47.741363,37.923628,-30.846390,39.976515,0.000000,
-55.259157,-81.247495,-87.586442,84.539268,-23.934589,-1.893091,1.000000,
-47.458893,73.352818,-24.064257,98.561645,66.370423,48.487312,2.000000,
98.606215,-90.386165,88.140083,70.862841,80.328438,-85.769976,3.000000,
89.806169,-20.694103,64.538756,56.455595,-93.300865,58.260232,0.000000,
34.020152,-68.606979,45.155629,4.265288,-73.963979,-86.001392,0.000000,
53.817356,-82.342083,29.315869,63.440864,-67.229850,14.633475,0.000000,
67.789028,3.656085,-79.963963,25.978571,15.435666,35.074243,4.000000,
30.606628,99.034370,71.827655,58.964150,-29.368876,-21.517606,2.000000,
-22.129884,25.965318,-89.709213,-61.990136,-29.432494,-37.472380,4.000000,
56.426960,93.337090,26.561321,13.234967,21.175011,97.820950,2.000000,
-37.245754,-5.368295,55.782795,67.379190,-92.323849,32.533034,0.000000,
83.332540,-49.548838,-19.135304,-39.525554,-78.183274,64.210545,4.000000,
-81.067413,47.852922,96.147917,-78.305612,84.736776,-12.824058,2.000000,
-57.209319,8.833810,73.354953,31.501294,-34.960763,70.510882,0.000000,
80.594065,-36.314854,85.757370,34.335431,-14.184625,75.878326,3.000000,
22.089419,92.111646,75.620334,72.785320,57.821894,74.729626,2.000000,
20.788963,-42.678123,22.690053,99.188722,-40.289515,97.651637,0.000000,
28.384745,77.581791,15.578447,10.267803,-10.461131,87.671773,2.000000,
-88.224363,-78.958054,3.619465,-79.544472,44.446978,95.235210,4.000000,
89.466143,55.453056,-94.260237,97.691606,-25.275651,-26.433765,3.000000,
21.359054,-96.360759,44.593734,-82.433280,-27.540590,29.357234,4.000000,
-47.708912,22.085231,75.615290,-83.588952,9.708966,-8.323910,2.000000,
24.462839,62.056135,6.187892,72.084812,-44.889380,82.942029,0.000000,
