37.390676,-2.251991,-64.064398,36.725652,86.817583,27.382392,-61.631608,-21.540366,92.898956,-31.071660,519.192573,-918.783456,
-55.948051,96.560715,-73.210172,-70.103238,43.348118,-42.886225,96.362616,61.773949,29.102538,37.357603,889.932032,573.277499,
65.848424,44.141875,35.446145,-25.061212,-34.084919,-88.000824,-98.012229,2.466108,42.735684,65.640593,-1154.676105,-784.954767,
15.722283,24.144392,29.271480,87.557926,-4.374029,-25.055291,-59.056871,-30.504465,-39.506446,-25.984568,-776.729005,-1012.190291,
8.851345,10.344987,-39.130162,-50.189164,86.430528,-45.195841,76.600786,75.560559,-83.392457,99.591633,2179.631239,256.636824,
74.874314,91.374768,89.439532,12.629920,-36.474744,57.524189,-63.808511,-37.193517,53.666887,-42.724870,-547.320917,402.495905,
38.883612,25.377170,52.617653,7.854774,-61.206884,-97.737853,51.036973,-28.068600,-73.734452,23.740188,-867.397409,98.865277,
-88.373994,-52.463927,81.667283,-2.787668,95.198197,-41.845118,-43.408623,-98.548661,-60.418873,-15.919562,-1528.507096,1451.802983,
-45.978667,-47.463344,1.606322,-36.703773,-50.580318,-67.439207,-31.355870,82.911727,-12.833093,-43.724902,-401.992720,-1284.510610,
80.432825,89.374869,35.279739,22.154891,-16.446100,28.484913,-88.760659,71.204688,-77.476077,28.389001,1386.970197,-1293.912628,
-63.729562,-97.098206,-40.290828,25.886020,-66.564104,2.844173,-49.923905,60.398851,82.454920,8.533742,-1161.201312,-1228.122975,
9.654628,64.626850,22.811750,-1.894685,78.706338,91.442786,78.997059,-35.556704,-39.866605,-50.429032,1605.509227,1625.467523,
-25.192377,80.942309,-46.989154,78.266756,-70.664028,78.459146,-23.642061,63.786363,-15.611453,-5.511569,457.450706,-1269.672533,
-90.296146,-89.001009,-76.080353,-34.373187,-7.760383,45.717897,-47.685661,61.090094,4.820923,-80.008639,561.995789,-1092.486894,
-62.259732,87.391666,73.668551,41.489053,-78.847506,15.835141,77.451258,64.019969,3.518661,0.272075,-846.891406,706.813997,
-44.090458,22.389418,5.684083,-22.322239,57.391572,-87.739850,58.905229,-6.550953,84.026567,-81.634172,-860.618474,315.980783,
-9.655180,55.810467,-99.250268,-92.739046,-56.570443,8.038990,42.995498,6.897164,24.844594,-6.483887,611.295615,109.025444,
48.114298,56.336550,-51.195840,-64.339294,91.103642,90.994743,17.801159,67.450722,20.087966,-98.026927,3197.696910,-224.175495,
-49.677755,-19.806394,-73.746751,-64.448812,45.426323,-33.539743,25.950258,76.050012,92.638693,36.575269,442.695627,-137.638616,
47.741984,82.346205,53.792778,-14.797447,16.563900,88.263470,-20.515521,61.597145,-72.556054,23.392221,1956.104972,360.277503,
-12.479498,-40.269516,-25.585718,84.123073,60.377882,-76.861690,60.807886,-57.130736,-39.658859,-10.675921,-480.169097,-330.485735,
-88.800340,-57.271975,27.988291,24.926376,-95.985590,46.121970,38.971188,55.129738,-39.433243,98.165583,-788.997488,728.430926,
76.820611,-6.294723,19.563559,-37.564652,-66.042039,9.868425,-3.208596,-18.002348,-55.898412,79.702116,362.426643,387.258359,
23.650818,-77.020825,76.321839,71.813765,-80.991117,-24.897715,48.780122,-96.829703,68.863066,-96.781830,-2417.225890,392.724509,
-11.077887,-82.331263,-1.298208,-62.150094,27.458889,-90.172649,-5.842187,-92.837346,40.501969,-70.640198,-1370.870784,390.047530,
-17.764292,-11.040347,94.857347,-46.834620,30.121674,-55.394246,-29.138689,77.127986,94.695243,-7.586064,-789.323523,257.642308,
-55.239175,99.031102,0.708860,16.464027,42.535826,61.256420,-30.389013,-56.893123,-10.919225,5.373123,-287.867948,1035.043030,
-95.816418,14.013823,-91.743603,15.510080,86.893924,-81.116040,2.829378,31.447165,81.381320,-24.429533,-533.402132,-944.381193,
11.007565,-47.880553,37.663237,45.207783,96.113098,-38.564781,43.712104,22.678647,42.557605,-81.667816,323.581979,-290.558383,
-69.598955,69.230500,89.924807,-23.107908,78.120419,7.014711,4.580846,70.807686,-21.567172,44.942066,301.355875,1283.724760,
55.836645,69.338283,2.562132,-68.674000,-88.065093,71.493267,-26.465787,5.560699,52.155102,34.203190,239.259184,565.310877,
45.139294,-35.520436,42.217743,-71.573462,59.811200,93.309006,-60.181954,-24.064677,47.758777,18.923790,859.977621,1318.096021,
-71.470021,-84.702579,45.762728,87.496150,-89.620360,-57.013868,37.388675,-83.115836,36.053902,-13.969947,-3334.157408,395.157482,
-4.034388,-50.582483,-54.955331,32.453496,50.857635,5.505243,-13.896413,-35.046720,55.132076,-59.278506,-33.429564,-613.528745,
75.832325,-28.866466,-82.900776,-19.167537,-80.166102,79.317541,14.488605,-58.528078,36.347804,-5.347179,572.756660,-79.103563,
11.614657,-8.125125,-99.332330,77.427291,43.907028,30.245127,-14.772104,21.181300,-86.860154,-35.393697,1783.608473,-1853.311086,
55.003161,-27.151164,61.662248,41.890148,32.609825,-31.070937,-23.881959,2.293712,-79.540734,13.196189,401.433848,-445.308934,
51.799895,84.133171,43.091838,-26.204037,-49.677716,74.144303,80.123684,-7.025743,71.314736,-23.653292,309.236119,1440.009172,
79.383244,57.857391,44.739834,-42.004798,48.661821,-25.148391,-34.749960,-44.238059,-25.684230,-37.005830,552.885816,248.090107,
-84.310770,75.349404,72.413398,-8.592965,-30.004952,4.352065,-2.994740,-68.791029,-47.890810,-64.118738,-1562.619159,1327.513603,
-57.243462,8.867502,6.971830,59.262396,27.696674,50.968767,-74.450936,34.312316,37.188123,-13.196433,-356.599456,-564.837831,
-54.115792,66.931528,31.687551,8.474268,60.619048,54.045615,0.112566,42.716129,-4.550075,-95.174827,782.061666,222.313001,
-84.362249,-85.806495,-28.239375,18.830913,63.369650,-70.191880,92.015033,-64.451541,-41.850016,-4.198166,-761.883810,826.115173,
-30.951227,-37.284341,55.995115,48.578973,-49.750846,26.678256,-46.804195,84.309938,0.061670,-12.961234,-391.221490,-866.069729,
19.610464,-31.594775,-15.183292,-27.734247,17.051684,-63.709170,81.446833,28.880564,-91.701464,-64.049220,1279.764138,-511.770367,
89.417903,-67.910002,29.641832,43.241232,-74.804111,43.793919,12.833015,38.729450,21.158666,-45.651390,535.683599,-936.176522,
81.239849,49.313212,-84.271516,71.185716,-74.976453,33.986761,26.975147,65.735097,38.032959,5.551666,1113.899610,-1886.985482,
-76.151492,76.161183,-48.143231,-86.352748,-15.855239,47.397622,-47.488871,-45.113122,-4.741232,-7.358246,-287.952398,918.188264,
18.948400,97.284894,-52.051804,-13.604489,87.425417,-73.429934,35.937158,63.682390,67.236189,61.365204,837.543105,-404.502676,
38.898181,-58.302152,39.603872,-92.682609,-48.646802,53.209809,-18.528993,-85.858620,-40.765705,-27.026251,-6.195404,1380.941123,
19.886590,45.482484,27.406574,94.188185,93.809383,56.274867,-50.847022,47.660294,50.643817,-45.831407,822.446396,-843.296806,
29.512766,49.085651,49.716653,25.063873,-10.932386,-79.750320,70.477963,-16.544730,-67.223083,98.489569,-474.601249,708.028188,
68.388393,96.683342,94.687573,-99.289013,-1.791264,-97.722969,16.818034,-44.953292,80.616820,-57.321419,-1086.397119,1117.468658,
-2.705756,-27.244292,6.595571,52.817658,17.186367,63.481267,86.013155,4.044713,-27.561355,-8.509298,862.543738,627.388593,
-17.564051,-70.228710,-88.109792,70.169638,-75.702327,-78.618541,-89.139780,-66.744180,-85.196721,-10.941989,-1434.428234,-2329.758889,
-51.638331,-31.575281,-85.482854,-0.327028,-26.391117,-18.335411,-28.301444,-60.553828,-65.362495,-94.503671,-328.736705,-1016.701712,
27.571592,-11.916898,-11.706234,-37.821112,-88.124932,87.355641,-74.198468,-92.701209,-14.447179,-93.401212,-339.600479,61.269034,
-30.362144,97.379214,-51.828696,95.448419,-47.304097,-58.449631,-81.936574,80.204436,-40.824237,33.792356,-464.079853,-2628.854094,
-15.979704,-17.774325,68.735699,-34.397706,70.838799,58.743116,71.331262,-73.360836,-92.596382,77.229966,616.764857,2906.073342,
-0.828718,-4.537399,18.379145,12.097810,67.661598,10.642085,69.089645,-41.557874,-94.679990,-3.467145,929.168269,1034.570889,
-93.511328,-36.987681,84.315802,90.252767,-56.748190,-72.769768,18.699544,-5.394832,92.440744,-55.666476,-3298.038204,-44.010019,
-0.529444,-53.188780,-48.013111,47.248178,29.561104,-98.782089,-22.969445,-83.868755,0.059996,40.598582,-1372.536774,-640.437209,
34.997486,-47.978407,3.605827,46.872936,50.619434,-87.695457,-88.423630,-54.885924,-97.571070,-66.536526,-213.524068,-1680.213830,
-91.851748,-87.353947,33.036028,2.780149,56.513076,96.722763,69.759550,-94.384504,35.237961,-83.583019,-615.422063,2373.490603,
-52.663574,-3.573281,51.158695,56.835788,-3.710017,78.556222,-40.765434,22.525873,62.821718,-46.946551,-720.149201,134.926497,
86.129335,-58.642653,94.984334,71.826523,29.567827,-62.725414,-78.735358,-91.229216,-13.702367,-4.062354,-1367.668926,-374.867743,
58.906789,-83.791040,-1.392765,-57.338215,-62.676310,-63.955912,98.010655,-99.656169,-98.976624,-36.665280,-80.702865,711.835149,
84.426306,-70.649849,-95.325876,-98.874224,34.847980,-21.984441,3.962839,-85.688145,68.095533,80.281366,489.061721,634.802791,
6.751437,-66.348994,-65.014797,-47.184186,-43.657360,-36.788830,95.805754,-61.717310,-97.725485,51.956883,332.698569,676.992641,
40.759084,84.895788,42.633842,8.373425,-15.010035,-82.822745,-21.837724,92.676967,71.589527,74.704536,-505.147498,-803.438945,
42.153730,-18.241894,-73.130282,33.406195,-55.472526,91.778859,82.424440,-76.774576,-71.959610,76.470232,913.561043,845.477679,
-33.738173,13.001128,21.341915,-39.320219,72.854436,23.068817,-84.277679,-52.427999,32.885774,59.130258,-616.405514,1167.229817,
39.852805,78.491055,-99.000485,-29.030214,52.038078,-58.774186,-52.944031,21.879447,7.291503,36.075555,994.554173,-1399.618205,
3.406698,-27.411812,54.079999,-46.804017,40.036750,-49.745257,54.719040,3.485625,36.180362,-23.315015,-188.408391,922.624525,
-60.575873,15.570548,-45.949101,54.806711,35.687106,74.006106,-5.922087,-68.138862,26.172300,52.492023,-544.964488,904.326158,
-39.362270,39.720547,-89.730665,-46.273821,-95.439227,-92.048644,30.307576,-55.223851,60.991946,-56.004061,-1767.350852,-519.876884,
41.284463,27.104546,-47.440109,-41.594429,-93.032615,-34.723429,-82.214554,77.725957,40.499678,-45.919223,116.930594,-2214.327798,
56.804525,-23.330903,71.259245,-85.776675,-83.686092,-18.893205,54.400350,26.251413,-72.171230,-32.254990,589.597330,540.529096,
67.966343,-80.334928,-58.144904,68.559625,-42.735276,51.994576,-78.713089,71.691203,28.115767,39.923926,888.955121,-2227.470811,
65.355451,37.489458,19.087219,84.031956,-55.281394,92.206704,-57.915478,-31.078793,-28.340671,18.128839,130.547166,-453.377859,
8.416351,-96.232785,31.515198,-77.313409,-57.168594,46.808431,51.665056,-84.928726,-74.976306,-68.571486,114.420605,1502.784646,
36.971085,63.409703,36.373483,-74.786480,41.551915,-89.972967,-10.321706,58.366895,-33.019323,-30.332814,844.149315,-456.992033,
9.036109,81.797690,-29.929738,85.597801,2.326144,-70.892875,61.784477,-41.304501,0.507211,10.458301,-779.947795,-416.914596,
-90.786212,-45.426432,71.261023,-91.506480,90.510620,-6.988386,89.085805,71.666589,-7.608019,84.784607,564.213432,2422.258321,
90.644778,3.605520,-40.592993,-84.131789,-16.359181,68.648746,5.359350,53.831366,-46.531394,-91.843156,2844.832885,-749.970467,
43.604873,83.039581,-99.538115,-14.851636,-49.310243,-87.818525,-84.923648,-26.126126,79.840242,20.303025,-1042.048400,-1771.957783,
-50.425724,10.826554,-4.392814,75.782637,57.560078,58.016805,19.859357,53.692351,97.087482,-20.295973,97.581884,-65.672248,
2.734763,-48.984581,-14.921500,80.948310,-82.422058,-99.224234,92.904518,21.426426,25.735818,55.101097,-1420.972309,-800.353154,
-22.970191,-78.819911,11.328130,-1.633607,59.387266,-4.816237,83.913741,-35.891786,38.075465,48.141261,-273.882677,1529.513935,
63.031162,95.187320,0.768118,64.941520,-60.059567,11.288144,-46.719903,96.513474,-2.425145,61.558300,600.656668,-1651.919641,
-5.218473,61.073916,93.834338,88.461224,9.779157,35.298939,3.574900,-34.061631,-10.627451,72.224976,-984.718900,1184.777478,
-77.140339,-96.031095,85.231672,-27.054084,74.987882,52.216644,-73.577656,31.210242,-35.369381,-57.274182,204.719140,585.806008,
-12.166044,51.961028,95.017228,44.229801,49.213413,-21.210500,-81.578087,29.487042,36.730609,-68.074612,-777.083484,-522.569154,
-99.829915,-35.034843,55.613454,24.667532,73.432537,-40.785314,68.044842,79.955073,-41.084196,-17.281974,127.377517,400.320172,
-53.347677,-45.681219,-78.794375,10.908344,49.323138,-64.998568,-93.183702,-73.434992,-4.035316,92.576975,-1302.312597,-479.217636,
-42.600692,-88.997159,-39.733762,54.781729,0.791041,-50.968218,56.197233,66.979524,99.229373,-95.563971,-492.846534,-1425.679821,
-40.404837,76.461296,88.386494,-4.171474,-66.680822,-8.134709,18.048465,75.286406,-97.406957,-39.887913,9.197843,13.547786,
-28.578170,47.708686,66.201728,93.058635,-39.110736,-8.875433,-6.691842,3.997722,63.312600,25.214826,-1877.140112,80.791121,
54.894066,-36.743829,52.239119,-26.489665,-6.422787,-4.823486,-72.895363,-20.295417,12.662999,40.504446,-394.342241,145.083533,
98.356957,-1.944629,-94.713256,-43.185960,-62.625387,10.836528,49.454023,41.914503,-10.429990,28.081635,1846.603028,-964.897825,
49.178196,99.391307,90.470014,-9.302377,-90.001439,36.013394,-25.751924,60.923046,-42.159057,-4.836887,308.201794,-82.270548,
-74.965112,-19.853473,-83.983382,-43.594012,-89.106082,60.195859,-77.383545,54.822753,62.299552,-17.797138,-356.478595,-981.491810,
91.144296,11.392303,0.354614,92.198747,-84.169883,0.815048,9.879870,-73.695208,-39.241820,-63.040958,-439.333943,-1036.418313,
51.096400,25.141681,69.885510,-60.870624,42.408612,-74.807397,-72.338609,-11.210885,9.747778,-7.458465,-354.890370,26.315442,
35.787305,-2.714980,47.639773,79.048679,-58.562543,27.393898,28.099256,-9.275819,39.698177,35.163711,-856.448789,207.491224,
-25.183456,26.428320,27.239910,35.526051,41.957310,-59.366322,-2.286264,92.642801,91.710556,45.377485,-538.812799,-545.791653,
11.622542,29.171148,49.750878,92.029107,80.703697,58.023409,-40.330964,34.734888,93.934188,80.985312,-84.484775,274.930423,
68.734631,58.338431,74.866616,-42.899745,40.401348,-82.700236,-46.680381,-93.080062,-78.629871,80.254787,-588.159785,1020.117160,
28.485696,-86.807905,-84.343642,4.938285,50.705667,58.807053,-7.205707,-60.195730,11.246101,-45.991246,1035.138514,-282.432341,
-54.801072,-27.676151,-42.869363,26.026730,94.290110,71.995426,47.445384,6.554618,-2.221761,62.880857,1059.620045,991.933089,
64.699946,-94.896706,51.025091,-86.912496,-28.737648,3.842148,71.802074,-4.896312,17.368122,-91.242840,651.018472,795.358994,
52.893369,-90.780437,-52.099388,-69.979365,-99.259027,74.964166,16.744414,-64.665276,36.102401,80.512868,-34.564584,1044.017687,
-49.384780,-66.683787,97.414375,31.665470,-3.227813,-63.191360,7.688290,-11.524059,27.429613,-3.410284,-2003.510275,583.852614,
-1.406521,18.961508,51.321269,-63.672095,58.521437,-20.512019,-31.244812,-8.086950,26.351849,-16.710630,-90.660093,792.067419,
-41.752336,0.840891,-21.867517,-39.424147,-21.826733,-71.447080,97.695629,33.208699,-97.648091,-49.978980,561.994548,-144.637197,
-97.717599,-54.553967,-44.972984,-45.392710,-27.045903,38.164284,98.017645,84.475495,-6.901657,-56.478297,881.327277,267.895213,
-51.406953,-21.578210,-66.142788,0.200659,26.598222,96.723588,26.616395,53.247323,59.849891,60.951641,957.398787,477.669335,
22.578130,60.003255,41.221052,29.865018,-59.920164,13.770142,79.534585,-7.416359,14.056063,27.229280,-454.490375,866.423929,
-8.475845,-79.980234,43.127015,93.548115,-95.588753,-50.795637,-19.806763,-6.145506,34.539016,-78.025156,-2117.367190,-1382.430983,
15.674062,32.204501,-56.243404,-72.106917,56.798622,-78.617727,-59.812372,74.741182,30.050483,-8.405977,931.548254,-1423.752355,
-1.394367,-22.257919,-48.458112,-40.794813,-16.617112,-94.597133,19.037168,-26.903965,-0.944064,-78.109835,-449.172785,-799.193575,
-6.447244,-74.561647,67.668863,4.243507,27.498613,-72.103047,-46.426939,80.824627,87.345599,32.085174,-942.565330,-593.237461,
46.970115,44.204145,85.456888,75.585187,99.187313,42.349548,-86.586311,-97.563189,49.419103,2.387957,-802.981936,812.299021,
-53.639984,87.900709,66.695426,-68.307654,87.597266,-27.407529,14.591158,94.872709,38.152560,30.241192,467.777911,1069.330908,
41.018973,-57.120333,-65.744733,-32.760513,58.660173,-11.284359,79.843335,-61.607628,-36.208332,99.423021,1042.156969,1063.862312,
63.356940,-70.403100,-3.996528,-27.037667,32.022409,16.926145,-96.337704,-94.708318,-79.369229,98.401433,253.148548,393.481208,
11.467126,20.746978,78.596772,99.027884,-79.003305,55.767158,-67.736967,47.164436,-52.947080,61.518711,-512.702244,-642.642660,
47.250816,58.982421,63.730634,85.711535,-43.992288,12.705278,-73.357968,94.975768,-43.209447,-66.297162,502.622527,-2067.396805,
-89.782358,1.802991,-23.831203,-30.211691,-37.655577,-74.916901,29.674679,-73.717883,32.395853,-23.413968,-2180.519818,689.260958,
30.005619,55.517491,27.004140,59.856778,-18.515632,-46.859391,32.892235,13.620065,-33.269531,-90.060265,-6.450197,-1012.224641,
40.646660,-0.580881,58.405548,87.348730,-43.413875,34.118044,-24.335601,-28.690973,-56.834974,-42.250439,-302.694986,-497.144669,
80.291477,59.328391,-9.415319,71.904777,63.717154,-86.966037,-36.969900,36.834926,41.421741,-89.593389,444.876702,-2309.802786,
-46.744161,-1.188430,-89.507712,-50.640299,92.212083,36.408847,81.734453,-97.357212,-9.790825,-86.928090,951.477501,1299.711581,
45.276745,-3.080913,-41.868123,-30.248085,41.715692,-16.585294,-78.157347,-64.347633,-49.547960,-77.735245,634.705819,-896.188000,
-40.503942,-39.693950,79.925988,51.906235,-39.120410,69.485108,-15.574582,-21.276121,-23.396541,31.492247,-1010.419437,989.376224,
-86.349350,61.127873,88.758146,-79.120021,84.587306,50.933342,55.721113,44.948329,-57.560739,-83.718866,1184.914550,1967.449468,
23.710019,-40.258771,97.632467,-98.115631,-74.094027,25.584087,-97.924681,0.113755,76.809308,76.909836,-1361.548885,1171.136353,
-2.179948,71.618502,-88.987402,92.453055,-60.621319,11.116050,-73.799111,95.086248,-79.155293,-68.134818,1083.181764,-3353.856029,
2.108827,66.891480,67.290867,-51.916479,11.390720,46.937208,-61.727962,32.682076,-50.628935,-38.289083,801.356574,353.507089,
5.341343,71.921861,96.995399,-49.735590,77.034634,-51.578600,26.654075,-68.891388,-4.791555,12.277181,-661.264811,2036.359237,
47.415103,11.821361,61.773780,43.209589,-46.959739,69.312736,-19.460298,84.168923,-63.140931,-52.200401,1282.404977,-927.492443,
-22.565970,-28.993668,-28.485520,-60.510019,94.201559,-28.136255,-51.485188,-62.098016,76.449686,-97.610696,-348.458228,131.576844,
83.304346,95.894772,36.109148,-68.774402,-1.739884,-67.414206,-55.238351,7.068657,0.653049,23.150278,159.879996,-253.614530,
-28.311961,-63.941891,-52.636164,49.158460,51.603633,-96.675023,23.417631,12.539921,4.694156,-47.529028,-265.791996,-1396.036380,
19.615111,84.001655,58.538302,16.073839,-39.498408,-44.639042,-71.978346,53.354351,9.318255,34.502857,-754.303201,-799.830496,
-33.920457,-10.140805,96.413899,-41.454379,-73.679319,-61.337489,93.297423,-14.044424,-57.628748,47.137152,-1320.082364,1730.665451,
25.006599,-14.765455,45.297098,86.556033,-32.362794,20.456015,-89.316112,18.984269,62.633675,-99.369643,-869.287732,-1593.949659,
90.779569,7.697891,-6.090894,91.932991,-2.240807,28.127250,-36.901612,37.112752,-30.109741,48.566685,1037.591090,-1425.966462,
-58.509876,-55.458364,57.586623,-74.878398,-13.326715,-13.479227,-51.232599,-31.230472,94.753891,-29.965607,-1859.602727,1069.434107,
-84.296762,-93.659833,-20.222806,-98.290457,90.053954,-69.378023,-76.917252,-18.014578,-59.946019,-96.634314,36.986512,-350.731920,
52.738846,-26.611128,33.750030,93.268519,-26.996480,2.469956,69.327376,44.331837,-25.549184,31.055993,442.289977,-478.702475,
77.666117,83.365786,-28.223894,63.958058,21.106107,-94.907610,94.391087,87.658982,-30.209722,13.850539,1374.635390,-1558.033296,
36.360024,70.496183,31.692484,-35.592647,21.742208,-84.115505,-84.910668,-6.085412,-85.337487,-35.666088,128.417442,-940.782345,
-76.927437,-56.902834,15.128798,-71.789222,-76.066700,-31.147049,-80.131317,-73.023811,90.822462,-85.206311,-2752.689985,324.614949,
57.905426,36.409067,-93.754587,46.422901,-99.903052,-8.324773,52.924960,-85.381988,94.081889,27.593843,-1175.743446,-320.030740,
61.287233,2.718134,-52.329917,78.058733,16.406951,-93.546359,-12.307945,-19.797791,-77.105737,29.569862,214.533714,-1806.033299,
-95.477448,91.711496,-24.095813,-38.342461,-49.849652,39.647867,-15.859463,81.988661,-5.651499,-76.759515,259.883094,-449.474595,
82.694451,0.315146,-70.808759,-93.500539,-10.217405,-95.771929,35.203084,28.374390,13.339261,34.708246,992.059450,-734.394105,
54.149337,78.734746,-24.707771,-29.066946,-8.194184,-86.309982,-69.819457,22.968553,-51.647032,12.548726,369.986860,-1498.292916,
62.842425,35.410368,-97.562723,-88.009986,-38.531080,12.127632,-0.701415,69.920621,74.588054,0.460018,1500.355007,-976.689998,
51.443187,28.822879,-30.037193,14.844577,-69.292393,78.564862,-64.520562,-55.570289,72.547482,-57.250955,-410.493203,-484.208851,
-48.401065,-79.886821,-15.417959,62.291501,-88.183523,-49.889507,-37.526359,-97.554474,4.746073,-73.116175,-2621.845958,-829.134302,
56.728997,-9.933380,-85.486402,24.274945,76.973615,27.524935,-66.762017,-60.311619,-36.392644,-67.009360,1371.863743,-1259.177615,
-89.203468,-46.067200,-71.413188,-2.871142,-51.364085,3.416655,19.864870,-50.368619,24.331158,-46.622721,-1222.143587,43.907067,
-76.877342,86.588717,-48.564657,28.470238,-74.767400,-48.556782,36.064573,14.315450,38.602519,-34.165088,-1396.805946,-618.423055,
39.772405,-79.375204,-39.417115,-6.257956,-66.617023,-10.675752,31.599432,55.372770,43.363777,18.654031,294.671524,-899.995190,
-54.010738,14.263019,22.411930,5.040006,69.563336,65.979017,-48.081720,73.254846,-29.409763,-49.382770,1201.885852,-244.982149,
-49.992395,39.435820,70.588816,-84.705767,67.931876,36.503080,-6.995316,63.033876,-4.867020,-48.237751,947.849206,1137.154602,
-17.929356,76.390294,46.836112,95.773157,-72.125881,-33.100284,29.774174,91.772612,-21.555409,90.919121,-730.700929,-657.358327,
56.713413,5.022931,86.003203,21.981498,68.121460,81.637182,10.113804,29.614586,36.607722,85.932901,968.761580,1346.862764,
68.997703,9.603790,15.100942,-14.706212,35.786400,49.800923,-2.023624,-75.647259,12.785909,41.672744,419.154395,1188.646612,
23.854564,17.430847,14.386719,-89.162636,-67.543383,86.551041,46.143827,-37.203663,67.040178,11.793395,-1.394309,1915.051973,
-57.646042,-55.233169,50.147061,19.160030,91.311000,-42.979056,5.119446,-34.346595,-7.596952,-50.606260,-722.964050,572.158272,
64.249557,-4.303448,-69.874452,52.779099,79.142545,20.185702,-36.562940,1.988311,25.886050,-29.897527,1369.900845,-1411.601979,
-61.292638,-27.085932,33.334635,-78.729175,68.807601,59.117635,8.778652,56.689969,56.226073,80.990529,557.521740,1816.290736,
50.694467,41.393079,88.087011,-92.387568,74.594195,-29.328408,-97.318991,97.377060,-57.441043,51.362642,1522.966084,-117.471329,
89.493222,-48.904151,-15.822871,44.845865,96.347111,95.555058,93.666735,-23.773968,-8.022464,56.639814,2267.530425,1079.631803,
50.686269,-77.789492,25.465966,-3.585841,55.765813,-82.923243,-24.428098,-49.577015,73.980112,21.839838,-990.135788,19.543955,
-18.987811,71.728201,-75.828791,-16.723585,13.440204,44.105076,-41.289842,-48.071055,93.242113,-27.501200,-303.577520,54.576835,
-79.673867,-92.537730,84.389899,-32.800385,-28.723559,-93.830000,1.416304,-50.469534,-79.027036,-89.366849,-1885.655724,481.418022,
25.086144,-30.861492,55.156065,-27.174266,-62.972975,35.623639,97.940957,-75.236981,44.953285,74.096793,-1020.803419,2441.685957,
-79.926899,86.047759,-90.936740,-6.305660,86.810003,-44.138769,-84.406874,18.958610,-92.822079,86.203398,584.203207,-842.045442,
30.391273,91.905153,-64.787492,74.550939,67.571977,-94.418589,-93.029764,34.530933,-87.256295,54.255680,701.679587,-2479.975461,
-26.004933,81.857602,80.908259,55.885595,93.034909,-12.296998,-15.998364,48.387740,86.571826,-66.846689,-390.323227,-18.253444,
-79.169787,-56.406172,26.341819,-28.701755,63.177557,-25.110670,-39.740123,89.405997,-69.953791,88.823698,487.531676,54.814325,
-38.013946,-28.803355,40.814535,-97.263538,-73.064996,64.595115,57.828824,65.122993,72.130617,32.465147,-39.062628,1640.340804,
-19.966040,59.236337,65.166632,5.883976,-82.206485,-15.537865,96.389047,-67.984022,32.349128,-78.065919,-1727.682230,1374.923997,
88.780096,67.896507,-62.502712,-76.709913,63.970841,-59.413509,-0.813773,-28.086421,69.743137,59.901370,755.560660,115.792881,
-1.921659,-92.598832,-86.688067,-92.792329,33.456766,-39.421849,69.632896,-84.526694,27.247207,23.980881,58.428947,1097.785666,
71.090417,-16.529337,84.018833,62.639587,85.372681,40.546254,75.937967,-74.980809,23.087416,-28.221167,316.036940,1518.771225,
-28.037304,-1.458580,36.820110,-99.679355,-26.770181,52.550933,19.409242,8.335258,-27.013723,34.903391,382.782966,1685.071242,
-24.251981,-42.823582,16.582307,-94.521205,28.884633,-34.997363,8.285752,41.181169,90.142611,23.268313,-250.627517,778.812458,
-60.859540,-91.982476,1.985272,-70.023367,78.879399,-60.240296,73.854057,22.035169,-51.596425,22.904870,572.106905,987.230198,
-52.115082,43.826952,-61.893076,-53.920466,-38.561126,43.467815,-46.700207,88.549855,-67.515145,-96.465632,1470.240571,-1383.787612,
76.909215,98.805397,-15.708333,64.292922,-43.893601,1.589814,-54.293770,-18.211751,-35.042070,36.495285,80.114057,-1138.495865,
-97.087708,-49.610117,83.062530,51.041566,-28.312510,-75.792664,-7.190349,50.495383,80.949830,25.414739,-2618.643378,15.211186,
-7.355096,-73.593779,-1.278946,-34.512665,-43.908790,12.958593,6.620541,-58.182774,34.055022,73.128893,-1052.497070,1140.040825,
84.690848,86.374221,30.591465,-30.175874,56.178100,21.275871,-93.602934,-66.166669,57.664868,70.872241,-77.654607,770.782175,
9.679108,86.534450,30.605620,-20.369453,-39.316044,8.464232,74.246398,44.950326,-56.292415,-64.792845,930.552677,196.819989,
-93.775399,-67.730512,27.556157,44.285159,-16.686076,-24.655703,-80.841660,-92.664456,-64.321654,33.857322,-2311.563184,326.979001,
11.809178,-33.266596,30.712575,38.445522,39.499480,-89.590936,9.290830,81.383671,-27.383382,-18.541485,340.294048,-1328.215494,
8.890948,-48.795012,-75.428343,65.481816,-68.705636,96.365511,-35.170371,-36.109112,-15.355485,64.868148,30.047413,-510.710733,
-87.685933,51.519887,57.593084,34.648114,60.272765,-10.047922,-58.915001,2.015452,-71.765832,-55.388193,-495.645285,-22.662529,
56.654063,-21.373240,-11.075947,12.685350,42.001269,-7.618597,93.431178,48.066982,-6.977702,91.277272,1426.853459,328.250901,
-93.026275,-25.654465,-63.004646,96.639215,28.539861,-67.066781,-15.579213,27.811817,-63.342421,74.718753,-684.636205,-1289.936497,
-4.586362,4.473940,91.234280,-32.353999,53.479573,31.959385,-91.996874,-73.011104,91.499799,28.789790,-1449.643510,1651.322748,
36.225452,-62.042018,-98.020981,97.208434,7.707373,-11.060256,69.675017,-69.946295,15.155067,-9.433638,9.315041,-797.051917,
-27.635726,25.376470,-3.785496,17.450655,24.856698,59.523827,-46.875503,-17.366161,-59.742434,-6.193438,469.612812,98.216452,
-86.724677,-83.060205,49.455153,99.596671,89.755712,-31.211699,4.896586,26.757560,-68.660793,-38.103910,-309.029745,-423.184535,
20.691382,-22.354342,76.370518,-96.736864,-17.211242,44.879564,-16.171309,-46.020065,90.008250,22.345426,-799.911477,2058.335775,
41.734644,-96.069436,32.409694,-77.521314,-23.039425,42.271618,-54.994388,-74.877637,-36.448895,91.003855,-164.454742,1373.380561,
3.844160,14.795469,39.602474,-85.955482,-50.229696,-50.848552,23.002714,31.241926,-45.920663,32.725338,-27.951498,548.335613,
71.989513,-75.391464,-53.154035,-29.878550,-59.148988,-73.688591,92.721731,-8.068847,1.236658,56.839679,182.080457,-241.196315,
81.482054,36.580103,-14.548323,65.799534,79.982120,15.091613,-95.727859,-22.210541,-72.957830,16.154874,1272.798358,-1265.755737,
72.595019,96.530334,-75.070215,-66.294179,-59.998979,20.814084,83.606896,-63.742503,-13.252629,7.402976,924.976181,755.659280,
-56.079650,-82.072001,17.301747,-33.596451,-68.031937,-80.282024,-1.069409,49.141830,98.911535,93.195896,-2068.251498,119.189973,
43.031487,46.745554,-0.242274,-35.659717,51.994120,-79.638176,-62.014753,30.817262,93.118536,16.163987,-232.329289,-747.387234,
87.009740,-9.739409,40.192500,-14.635662,80.571042,-51.947553,-17.554029,28.390403,31.974038,93.450197,645.627482,69.003704,
-42.518610,43.506971,-20.422888,-3.824198,54.776223,67.483154,-90.456452,-29.355875,-69.826607,44.078860,546.699655,336.695037,
-69.799313,5.353753,-25.546280,97.982686,45.103658,-66.787618,0.324575,-39.177138,-40.127174,87.984942,-1303.753823,-194.000770,
-70.821130,49.958546,54.378203,57.583592,-3.263338,-64.556056,-73.705696,-21.565596,43.707881,77.440490,-2621.513005,133.291081,
27.476411,5.793886,-87.494563,32.722594,-53.724964,-87.428340,73.028384,38.569919,36.143567,-14.436512,-51.417490,-1628.058954,
28.004894,45.733504,-31.446932,-93.419799,19.020577,10.857187,90.438196,-54.286882,88.360832,-84.966322,459.270009,1343.090819,
-38.612918,90.477396,14.732868,-77.509667,90.701981,-59.779509,-80.524598,-90.323596,-72.557776,29.817280,-513.761141,1063.530777,
-23.265969,48.378714,73.961915,40.038559,-65.907849,65.756310,56.698605,-32.690751,17.099158,49.440860,-1139.459885,1762.463951,
-77.619005,-56.213743,-95.256946,-79.181420,-97.964776,59.994216,-89.142899,-68.290582,-32.191371,-21.585978,-765.250184,-93.391128,
85.919581,-33.774849,45.626396,84.487535,-70.600457,65.301215,-66.053559,-8.850295,-81.108392,-62.019739,473.555112,-1364.881948,
-52.376866,-52.882236,-51.557173,7.961572,65.872033,-95.997516,85.934059,-37.795878,46.266134,-50.169657,-730.020696,66.500842,
-98.583768,86.194569,53.214272,-66.489245,79.217472,8.017977,77.009354,87.519744,-33.802677,-42.719865,1101.835811,1410.168457,
21.812533,-47.432812,-91.651597,12.949634,-82.226179,55.314577,68.365706,-15.001681,29.492974,-88.228218,555.278713,-694.952368,
86.136028,37.780174,46.971139,79.045128,27.346727,-32.167039,3.863582,72.067422,5.310205,-28.236154,837.505491,-1402.066765,
-58.629036,-10.093040,-11.108291,88.701379,-20.934610,-79.449200,67.039689,-62.001510,-35.400364,-94.912169,-1554.297053,-536.615125,
38.541058,67.167293,92.660292,28.294740,83.911066,52.720341,11.155640,76.248430,-63.750324,-78.896869,2058.848750,-10.425137,
41.465177,0.137929,12.516375,-20.400766,-37.496548,29.455071,-19.258583,98.443546,-61.195277,0.881140,1575.705879,-945.130352,
-50.153258,-38.769959,96.589942,-12.595841,-55.906087,42.942146,-94.044143,-45.966283,-89.467500,72.052417,-1387.264414,1160.026112,
-37.421607,43.766787,4.655804,41.316997,-17.054060,17.119177,81.742248,33.859281,-70.092306,54.180035,424.592905,528.110636,
-78.988182,53.502852,-33.905677,-26.273831,49.454164,34.443194,-77.647831,-99.252377,17.549867,64.053228,-1129.063735,1303.049955,
45.711540,35.559688,22.828383,-82.542089,-57.016180,66.411142,10.225041,12.298253,-50.443707,-67.884925,1321.007907,450.396178,
-29.927104,44.127898,27.383204,-48.316164,-44.933555,59.195897,9.689010,-21.835661,-33.531194,27.029518,-108.706961,1402.476812,
-46.053595,-16.858382,-90.933076,17.941387,-39.795876,94.427326,5.019284,20.952665,-82.473089,-83.260520,1411.192886,-955.378022,
33.511110,6.443653,-32.437028,65.175090,-12.210143,-83.420025,-62.618401,41.746518,86.214706,-36.638278,-840.395491,-2370.754222,
87.065358,-57.027319,-18.664421,96.656045,98.843392,-79.405672,26.060955,-24.966336,-19.575482,-71.335061,770.178038,-1600.323201,
38.788998,59.349102,-99.616945,34.314229,-33.938921,-48.283885,37.780126,-99.404002,-27.898051,-81.622769,-217.409131,-988.212955,
-7.607170,64.242737,25.014324,-97.655855,31.581882,91.776575,-23.308114,4.477130,-6.319247,67.605915,1049.609142,1850.889105,
-39.256382,2.636955,-9.444601,32.034617,72.119492,-19.397870,95.324598,86.079507,53.694230,-16.969380,746.339251,-44.164695,
-45.170662,-36.029924,-60.843129,-0.723263,-7.576548,-13.793249,-52.924975,-25.367768,-30.033453,-72.708169,-281.358955,-1072.876443,
89.664458,-86.501532,-69.602089,-95.548872,71.071794,11.764837,-40.853984,9.284452,-56.050979,-98.769367,2782.685903,-1170.820677,
-41.510670,-40.169703,-34.902906,-82.207018,-57.791593,-74.025790,22.201280,58.757426,-91.655582,-32.660791,416.432188,-805.284880,
88.431848,-82.454629,-13.102481,-72.158605,77.649768,-80.400991,83.600807,80.994623,-52.239043,-25.203489,2553.221271,-662.148359,
50.924083,-95.738599,-98.242609,-1.648669,-29.705365,45.267709,-11.654106,91.899102,-76.114580,96.762437,2320.550658,-1541.114842,
